[
{
    "model": "contenttypes.contenttype",
    "pk": 1,
    "fields": {
        "app_label": "admin",
        "model": "logentry"
    }
},
{
    "model": "contenttypes.contenttype",
    "pk": 2,
    "fields": {
        "app_label": "auth",
        "model": "permission"
    }
},
{
    "model": "contenttypes.contenttype",
    "pk": 3,
    "fields": {
        "app_label": "auth",
        "model": "group"
    }
},
{
    "model": "contenttypes.contenttype",
    "pk": 4,
    "fields": {
        "app_label": "auth",
        "model": "user"
    }
},
{
    "model": "contenttypes.contenttype",
    "pk": 5,
    "fields": {
        "app_label": "contenttypes",
        "model": "contenttype"
    }
},
{
    "model": "contenttypes.contenttype",
    "pk": 6,
    "fields": {
        "app_label": "sessions",
        "model": "session"
    }
},
{
    "model": "contenttypes.contenttype",
    "pk": 7,
    "fields": {
        "app_label": "core",
        "model": "setting"
    }
},
{
    "model": "contenttypes.contenttype",
    "pk": 8,
    "fields": {
        "app_label": "core",
        "model": "homeimage"
    }
},
{
    "model": "contenttypes.contenttype",
    "pk": 9,
    "fields": {
        "app_label": "core",
        "model": "organizer"
    }
},
{
    "model": "contenttypes.contenttype",
    "pk": 10,
    "fields": {
        "app_label": "core",
        "model": "department"
    }
},
{
    "model": "contenttypes.contenttype",
    "pk": 11,
    "fields": {
        "app_label": "core",
        "model": "sponsor"
    }
},
{
    "model": "contenttypes.contenttype",
    "pk": 12,
    "fields": {
        "app_label": "core",
        "model": "event"
    }
},
{
    "model": "contenttypes.contenttype",
    "pk": 13,
    "fields": {
        "app_label": "core",
        "model": "speaker"
    }
},
{
    "model": "sessions.session",
    "pk": "mxx3yjcykzp9n1hec8xez8727mzi1ewa",
    "fields": {
        "session_data": "MDRjNzAwYTk0MGY5NmQ1OWM5NzI0YjY1YTI5ZDM4MTc0MjMxZThkZTp7Il9hdXRoX3VzZXJfaWQiOiIxIiwiX2F1dGhfdXNlcl9iYWNrZW5kIjoiZGphbmdvLmNvbnRyaWIuYXV0aC5iYWNrZW5kcy5Nb2RlbEJhY2tlbmQiLCJfYXV0aF91c2VyX2hhc2giOiIyNDQxMDBjNjgyZTQ1MWIzYzNkZTE2MTNlMTg0ZGNiYWNjMDE5YjI2In0=",
        "expire_date": "2018-07-27T13:30:21.988Z"
    }
},
{
    "model": "core.homeimage",
    "pk": 1,
    "fields": {
        "name": "FLUX",
        "image": "home_images/flux_home_image.jpg",
        "background_color": "#000000"
    }
},
{
    "model": "core.homeimage",
    "pk": 2,
    "fields": {
        "name": "unlimited",
        "image": "home_images/unlimited.jpg",
        "background_color": "#000000"
    }
},
{
    "model": "core.homeimage",
    "pk": 3,
    "fields": {
        "name": "question",
        "image": "home_images/question.png",
        "background_color": "#2A211E"
    }
},
{
    "model": "core.homeimage",
    "pk": 4,
    "fields": {
        "name": "3rd organizer recruiting",
        "image": "home_images/recruiting.png",
        "background_color": "#F6F7F7"
    }
},
{
    "model": "core.department",
    "pk": 1,
    "fields": {
        "name": "\uc218\ud559\uacfc",
        "abbreviation": "MATH"
    }
},
{
    "model": "core.department",
    "pk": 2,
    "fields": {
        "name": "\ubb3c\ub9ac\ud559\uacfc",
        "abbreviation": "PHYS"
    }
},
{
    "model": "core.department",
    "pk": 3,
    "fields": {
        "name": "\ud654\ud559\uacfc",
        "abbreviation": "CHEM"
    }
},
{
    "model": "core.department",
    "pk": 4,
    "fields": {
        "name": "\uc0dd\uba85\uacfc\ud559\uacfc",
        "abbreviation": "LIFE"
    }
},
{
    "model": "core.department",
    "pk": 5,
    "fields": {
        "name": "\uae30\uacc4\uacf5\ud559\uacfc",
        "abbreviation": "ME"
    }
},
{
    "model": "core.department",
    "pk": 6,
    "fields": {
        "name": "\uc2e0\uc18c\uc7ac\uacf5\ud559\uacfc",
        "abbreviation": "MSE"
    }
},
{
    "model": "core.department",
    "pk": 7,
    "fields": {
        "name": "\uc0b0\uc5c5\uacbd\uc601\uacf5\ud559\uacfc",
        "abbreviation": "IME"
    }
},
{
    "model": "core.department",
    "pk": 8,
    "fields": {
        "name": "\uc804\uc790\uc804\uae30\uacf5\ud559\uacfc",
        "abbreviation": "EE"
    }
},
{
    "model": "core.department",
    "pk": 9,
    "fields": {
        "name": "\ucef4\ud4e8\ud130\uacf5\ud559\uacfc",
        "abbreviation": "CSE"
    }
},
{
    "model": "core.department",
    "pk": 10,
    "fields": {
        "name": "\ud654\ud559\uacf5\ud559\uacfc",
        "abbreviation": "PCE"
    }
},
{
    "model": "core.department",
    "pk": 11,
    "fields": {
        "name": "\ucc3d\uc758IT\uc735\ud569\uacf5\ud559\uacfc",
        "abbreviation": "CITE"
    }
},
{
    "model": "core.sponsor",
    "pk": 1,
    "fields": {
        "name": "\ud39c\ud0c0\uc2dc\ud050\ub9ac\ud2f0",
        "image": "sponsors/pentasecurity.png",
        "website_url": "https://www.pentasecurity.com/?lang=ko"
    }
},
{
    "model": "core.sponsor",
    "pk": 2,
    "fields": {
        "name": "\ud3ec\uc2a4\ud14d\uae30\uc5c5\uac00\uc13c\ud130",
        "image": "sponsors/ec.png",
        "website_url": "http://aif.postech.ac.kr/"
    }
},
{
    "model": "core.sponsor",
    "pk": 3,
    "fields": {
        "name": "\ud3ec\uc2a4\ud14d\uae30\uc220\ucc3d\uc5c5\uad50\uc721\uc13c\ud130",
        "image": "sponsors/eedc.png",
        "website_url": null
    }
},
{
    "model": "core.sponsor",
    "pk": 4,
    "fields": {
        "name": "\ud3ec\uc2a4\ud14d\uae30\uc220\uc9c0\uc8fc\ud68c\uc0ac",
        "image": "sponsors/gjjh.jpg",
        "website_url": "http://postechholdings.com/"
    }
},
{
    "model": "core.sponsor",
    "pk": 5,
    "fields": {
        "name": "\uc81c31\ub300 \ucd1d\ud559\uc0dd\ud68c \ub108\ub098\ub4e4\uc774",
        "image": "sponsors/neonadeuli.png",
        "website_url": "https://www.facebook.com/postechstu"
    }
},
{
    "model": "core.sponsor",
    "pk": 6,
    "fields": {
        "name": "\ud3ec\uc560\ud37c",
        "image": "sponsors/poapper.png",
        "website_url": "https://www.facebook.com/PoApper/?fref=ts"
    }
},
{
    "model": "core.sponsor",
    "pk": 7,
    "fields": {
        "name": "PBS",
        "image": "sponsors/pbs.png",
        "website_url": "https://www.facebook.com/postechpbs/?fref=ts"
    }
},
{
    "model": "core.sponsor",
    "pk": 8,
    "fields": {
        "name": "\ubbf8\uc2a4\ud130\ud53c\uc790",
        "image": "sponsors/mrpizza.png",
        "website_url": "https://www.mrpizza.co.kr/"
    }
},
{
    "model": "core.sponsor",
    "pk": 9,
    "fields": {
        "name": "\uc544\uc9c0\ud2b8",
        "image": "sponsors/agit.jpg",
        "website_url": "https://www.facebook.com/AgitPohang/?fref=ts"
    }
},
{
    "model": "core.sponsor",
    "pk": 10,
    "fields": {
        "name": "\ud22c\uc378\ud50c\ub808\uc774\uc2a4",
        "image": "sponsors/twosome.jpg",
        "website_url": "https://www.twosome.co.kr:7009/microsite/2018/tvcf/index.asp"
    }
},
{
    "model": "core.sponsor",
    "pk": 11,
    "fields": {
        "name": "\ub9d8\uc2a4\ud130\uce58",
        "image": "sponsors/momstouch.png",
        "website_url": "http://www.momstouch.co.kr/main/main.php?ref=http%3A%2F%2Ftedx.postech.ac.kr%2Fsponsors.html"
    }
},
{
    "model": "core.sponsor",
    "pk": 12,
    "fields": {
        "name": "\ub545\ub545\uce58\ud0a8",
        "image": "sponsors/ddangddang.png",
        "website_url": "http://www.codd.co.kr/site/"
    }
},
{
    "model": "core.sponsor",
    "pk": 13,
    "fields": {
        "name": "\uc62c\ub808\ub728",
        "image": "sponsors/aulete.jpg",
        "website_url": null
    }
},
{
    "model": "core.sponsor",
    "pk": 14,
    "fields": {
        "name": "\uc624\uc140\ub86f",
        "image": "sponsors/ocelot.png",
        "website_url": null
    }
},
{
    "model": "core.sponsor",
    "pk": 15,
    "fields": {
        "name": "POSTECH BIC",
        "image": "sponsors/bic.png",
        "website_url": "http://iptt.postech.ac.kr/"
    }
},
{
    "model": "core.sponsor",
    "pk": 16,
    "fields": {
        "name": "\ub77c\uba58 \ubca0\ub77c\ubcf4",
        "image": "sponsors/beravo.jpg",
        "website_url": "https://www.facebook.com/ramenberavo/?fref=ts"
    }
},
{
    "model": "core.sponsor",
    "pk": 17,
    "fields": {
        "name": "\uc81c30\ub300 \ucd1d\ud559\uc0dd\ud68c \uc0ac\uc774\ub2e4",
        "image": "sponsors/cider.png",
        "website_url": "https://www.facebook.com/postechstu"
    }
},
{
    "model": "core.sponsor",
    "pk": 18,
    "fields": {
        "name": "\ubb34\uc0ac\uc2dc",
        "image": "sponsors/musasui.gif",
        "website_url": "https://www.facebook.com/johnspub2421/?ref=br_rs"
    }
},
{
    "model": "core.sponsor",
    "pk": 19,
    "fields": {
        "name": "\ud30c\uc2dc\uc57c",
        "image": "sponsors/pasiya.png",
        "website_url": "http://www.pasiya.co.kr/index.php"
    }
},
{
    "model": "core.sponsor",
    "pk": 20,
    "fields": {
        "name": "\ud3ec\uc2a4\ud14d \ud559\uc0dd\uc9c0\uc6d0\ud300",
        "image": "sponsors/postech.png",
        "website_url": null
    }
},
{
    "model": "core.sponsor",
    "pk": 21,
    "fields": {
        "name": "\ub3c4\ubbf8\ub178\ud53c\uc790",
        "image": "sponsors/domino.jpg",
        "website_url": "http://www.dominos.co.kr/"
    }
},
{
    "model": "core.sponsor",
    "pk": 22,
    "fields": {
        "name": "\ub9ac\uc624",
        "image": "sponsors/rio.jpg",
        "website_url": "https://store.naver.com/restaurants/detail?id=36957506"
    }
},
{
    "model": "core.event",
    "pk": 1,
    "fields": {
        "year": 2017,
        "order": 4,
        "date": "2017-11-04",
        "place": "POSCO \uad6d\uc81c\uad00\r\n1\uce35 \uad6d\uc81c\ud68c\uc758\uc7a5",
        "start_at": "14:30:00",
        "end_at": "20:30:00",
        "fee": 10000,
        "after_party_fee": 5000,
        "early_bird_discount_rate": 50,
        "early_bird_capacity": 30,
        "early_bird_start_at": "2017-09-20T13:00:00Z",
        "regular_start_at": "2017-10-19T13:00:00Z",
        "early_bird_form_url": "http://bit.ly/2017_tedx_postech_earlybird",
        "regular_form_url": "http://click.gl/2017TEDxPOSTECH",
        "early_bird_finished": true,
        "regular_finished": true,
        "timetable": "<thead>\r\n          <th colspan=\"2\">\ud589\uc0ac \ub2f9\uc77c \uc77c\uc815(11\uc6d4 4\uc77c \ud1a0\uc694\uc77c)*</th>\r\n        </thead>\r\n        <tfoot>\r\n          <tr>\r\n            <td colspan=\"2\">*\ud589\uc0ac \uc77c\uc815\uc740 \ub2f9\uc77c \uc0ac\uc815\uc5d0 \uc758\ud574 \ubcc0\ub3d9\ub420 \uc218 \uc788\uc2b5\ub2c8\ub2e4.</td>\r\n          </tr>\r\n          <tr>\r\n            <td colspan=\"2\">**TED talk\ub294 TED \uac15\uc5f0 \uc601\uc0c1 \uc911 \ud558\ub098\ub97c \uc0c1\uc601\ud558\ub294 \uc2dc\uac04\uc744 \uc758\ubbf8.</td>\r\n          </tr>\r\n          <tr>\r\n            <td colspan=\"2\">***TEDx talks\ub294 \ucd08\uccad\ub41c \uc5f0\uc0ac\ub4e4\uc758 \uac15\uc5f0\ud558\ub294 \uc2dc\uac04\uc744 \uc758\ubbf8.</td>\r\n          </tr>\r\n          <tr>\r\n            <td colspan=\"2\">****After Party \ucc38\uac00\ube44\ub294 5,000\uc6d0\uc785\ub2c8\ub2e4.</td>\r\n          </tr>\r\n          <tr>\r\n            <td colspan=\"2\">****After Party\ub294 C5 \ucee8\ud37c\ub7f0\uc2a4 \ud640\uc5d0\uc11c \uc9c4\ud589\ub418\uba70 \uc5f0\uc0ac\uc640 \ucc38\uac00\uc790\uac04\uc758 Q&A\uc640 \ucc38\uac00\uc790\uac04\uc758 \uc544\uc774\uc2a4\ube0c\ub808\uc774\ud0b9 \ub4f1\uc774 \uc900\ube44\ub418\uc5b4 \uc788\uc2b5\ub2c8\ub2e4.</td>\r\n          </tr>\r\n        </tfoot>\r\n        <tbody>\r\n          <tr>\r\n            <td>13:30 ~ 14:30</td>\r\n            <td>\ub9ac\ud5c8\uc124</td>\r\n          </tr>\r\n          <tr>\r\n            <td>14:30 ~ 15:00</td>\r\n            <td>\uc785\uc7a5 \ubc0f \ud604\uc7a5 \ub4f1\ub85d</td>\r\n          </tr>\r\n          <tr>\r\n            <td>15:00 ~ 15:30</td>\r\n            <td>\uc624\ud504\ub2dd & TED Talk** #1</td>\r\n          </tr>\r\n          <tr>\r\n            <td>15:30 ~ 15:55</td>\r\n            <td>TEDx Talk #1</td>\r\n          </tr>\r\n          <tr>\r\n            <td>15:55 ~ 16:20</td>\r\n            <td>TEDx Talk #2</td>\r\n          </tr>\r\n          <tr>\r\n            <td>16:20 ~ 16:50</td>\r\n            <td>Break time, Icebreaking</td>\r\n          </tr>\r\n          <tr>\r\n            <td>16:50 ~ 17:10</td>\r\n            <td>TED Talk #2</td>\r\n          </tr>\r\n          <tr>\r\n            <td>17:10 ~ 17:35</td>\r\n            <td>TEDx Talk #3</td>\r\n          </tr>\r\n          <tr>\r\n            <td>17:35 ~ 18:00</td>\r\n            <td>TEDx Talk #4</td>\r\n          </tr>\r\n          <tr>\r\n            <td>18:00 ~ 18:10</td>\r\n            <td>\ud074\ub85c\uc9d5</td>\r\n          </tr>\r\n          <tr>\r\n            <td>18:30 ~ 20:30</td>\r\n            <td>After Party****</td>\r\n          </tr>\r\n        </tbody>",
        "theme": "FLUX",
        "theme_explanation": "\uc81c4\ud68c TEDxPOSTECH\uc758 \uc8fc\uc81c\ub294 \u2018FLUX\u2019\uc785\ub2c8\ub2e4. \u2018FLUX\u2019\uc758 \uc0ac\uc804\uc801 \uc758\ubbf8\ub294 \uc720\ub3d9, \ud750\ub984, \ub04a\uc784\uc5c6\ub294 \ubcc0\ud654\uc785\ub2c8\ub2e4. \uc800\ud76c Oraganizer\ub4e4\uc740 FLUX\uc758 \uc758\ubbf8\ub97c \ub04a\uc784\uc5c6\ub294 \uc18c\ud1b5(\uc5f0\uacb0)\uc5d0 \ucd08\uc810\uc744 \ub450\uace0 \uc788\uc2b5\ub2c8\ub2e4. \ud2b9\ud788 \u2018\uc18c\ud1b5\uc758 \uc218\ub2e8\uacfc \ub2e4\uc591\ud654\u2019\ub77c\ub294 \ud070 \uc8fc\uc81c\ub97c \uad00\ud1b5\ud558\ub294 \uac00\uce58\uc788\ub294 idea\ub97c POSTECH \uad6c\uc131\uc6d0\ub4e4\uc5d0\uac8c \uc81c\uacf5\ud558\uace0\uc790 \ud569\ub2c8\ub2e4. \uc800\ud76c\ub294 \uc18c\ud1b5\uc744 \ud1b5\ud574 \ub04a\uc784\uc5c6\ub294 \ubcc0\ud654\ub97c \ub9de\uc774\ud558\uae30 \uc704\ud55c \uacc4\uae30\uac00 \ud544\uc694\ud558\ub2e4\uace0 \uc0dd\uac01\ud558\uc600\uace0, \uc62c\ud574 \uc81c4\ud68c TEDxPOSTECH\uac00 \uc5ec\ub7ec idea\ub97c \uad50\ub958\ud560 \uc218 \uc788\ub294 \uc7a5\uc774 \ub420 \uac83\uc785\ub2c8\ub2e4. \uc5ec\ub7ec\ubd84\uc774 \uc0dd\uac01\ud558\ub294 \u2018FLUX\u2019\ub294 \ubb34\uc5c7\uc778\uac00\uc694? \uc5ec\ub7ec\ubd84\uc758 \ub9ce\uc740 \uad00\uc2ec \ubd80\ud0c1\ub4dc\ub9bd\ub2c8\ub2e4.",
        "letter_title": "Message from TEDxPOSTECH 4th Organizers",
        "letter_text": "\uc548\ub155\ud558\uc138\uc694. TEDxPOSTECH \ub124 \ubc88\uc9f8 \ud589\uc0ac\uc758 \uc0ac\ud68c\uc790\ub97c \ub9e1\uac8c \ub41c \uae40\uc815\uc218\uc785\ub2c8\ub2e4.\r\n\r\nIdeas worth spreading, \ubc14\ub85c TED\uc758 \ubaa8\ud1a0\uc785\ub2c8\ub2e4. \uc800\ud76c\ub294 \uc9c0\ub09c TEDxPOSTECH \ud589\uc0ac\uac00 \uac74\ub124\uc900 \uac00\uce58 \uc788\ub294 \uc544\uc774\ub514\uc5b4\uc5d0 \uac10\uba85\uc744 \ubc1b\uc544\uc11c, \ub610\ub294 \uc9c0\ub09c \ud589\uc0ac\uc5d0 \ucc38\uc5ec\ud558\uc9c0\ub294 \ubabb\ud588\uc9c0\ub9cc TED \uc790\uccb4\uc5d0 \ud765\ubbf8\uc640 \uc5f4\uc815\uc744 \uac00\uc9c0\uace0 \uc774\ubc88 \ub124 \ubc88\uc9f8 Organizer\uc5d0 \uc9c0\uc6d0\ud558\uc600\uc2b5\ub2c8\ub2e4. \uc800\ub9c8\ub2e4 \ub2e4\ub978 \uc0dd\uac01\uc744 \uac00\uc9c0\uace0 \uc2dc\uc791\ud588\uc9c0\ub9cc, TED\uc758 \ubaa8\ud1a0\uac00 \ub9d0\ud558\ub4ef \uac00\uce58 \uc788\ub294 \uc544\uc774\ub514\uc5b4\ub97c \uad50\ub0b4 \ud559\uc6b0\ubd84\ub4e4\uc5d0\uac8c \ub4e4\ub824\uc8fc\uace0 \uc2f6\uace0 \ud37c\ud2b8\ub9ac\uace0 \uc2f6\ub2e4\ub294 \ud558\ub098\uc758 \ub73b\uc73c\ub85c \ubb49\ucce4\uc2b5\ub2c8\ub2e4. \uae34 \uc2dc\uac04 \ub3d9\uc548 \uc815\uc131\uc744 \ub4e4\uc5ec \ubcf8 \ud589\uc0ac\ub97c \uc900\ube44\ud588\uc2b5\ub2c8\ub2e4. \uc774\uc81c \uc5ec\ub7ec\ubd84\uc5d0\uac8c \uadf8 \uacb0\uacfc\ub97c \ubcf4\uc5ec\uc904 \uc218 \uc788\uc5b4\uc11c \uc815\ub9d0 \uc601\uad11\uc2a4\ub7fd\uace0 \uae30\ub300\uac00 \ub429\ub2c8\ub2e4.\r\n\r\n\uc774\ubc88 \ud589\uc0ac\uc758 \ud070 \uc8fc\uc81c\ub294 \ubc14\ub85c FLUX\uc785\ub2c8\ub2e4. \uadf8 \uc0ac\uc804\uc801 \uc758\ubbf8\ub294 \uc720\ub3d9, \ud750\ub984, \ub04a\uc784\uc5c6\ub294 \ubcc0\ud654\uc774\uc9c0\ub9cc \uacf5\ub300\uc0dd\uc774\ub77c\uba74 \ub2e8\uc704\uc2dc\uac04\ub2f9 \uc218\uc9c1\uc774\ub3d9\ud558\ub294 \ubb3c\ub9ac\ub7c9\uc744 \uc758\ubbf8\ud558\ub294 \uac1c\ub150\uc744 \uc0dd\uac01\ud560 \uc218\ub3c4 \uc788\uaca0\uc2b5\ub2c8\ub2e4. \uc800\ud76c\ub294 FLUX\uc758 \uc758\ubbf8 \uc911\uc5d0\uc11c\ub3c4 \u2018\ub04a\uc784\uc5c6\ub294 \uc18c\ud1b5\uacfc \uc5f0\uacb0\u2019 \uc5d0 \ucd08\uc810\uc744 \ub450\uace0 \uc788\uc2b5\ub2c8\ub2e4. \uc0ac\ub78c\uacfc \uc0ac\ub78c\uc758 \uc5f0\uacb0, \ub9e4\uccb4\ub97c \ud1b5\ud55c \uc18c\ud1b5, \ub0b4\uba74\uacfc\uc758 \uc18c\ud1b5 \ub4f1 \uc18c\ud1b5\uc758 \uc218\ub2e8\uacfc \ub2e4\uc591\ud654\ub77c\ub294 \uc8fc\uc81c\ub97c \uad00\ud1b5\ud558\ub294 \uac00\uce58 \uc788\ub294 \uc544\uc774\ub514\uc5b4\ub97c \uc5ec\ub7ec \ubd84\uc57c\uc758 \uc5f0\uc0ac \ubd84\ub4e4\uc744 \ud1b5\ud574 \uc81c\uacf5\ud558\uace0\uc790 \ud569\ub2c8\ub2e4.\r\n\r\n\uc62c\ud574 11\uc6d4 4\uc77c \ud1a0\uc694\uc77c, \ub124 \ubc88\uc9f8 TEDxPOSTECH\uc5d0\uc11c \uc900\ube44\ud55c \uc544\uc774\ub514\uc5b4\uc640 \uc18c\ud1b5\uc73c\ub85c \uc5ec\ub7ec\ubd84\uc774 \uc870\uae08\uc774\ub77c\ub3c4 \ubcc0\ud654\ub97c \ub9de\uc774\ud560 \uacc4\uae30\uac00 \ub420 \uc218 \uc788\ub2e4\uba74 \uc800\ud76c\uc5d0\uac90 \uc544\uc8fc \uac00\uce58 \uc788\ub294 \uc77c\uc774 \ub420 \uac83\uc785\ub2c8\ub2e4.\r\n\r\n\uac10\uc0ac\ud569\ub2c8\ub2e4.",
        "letter_end": "TEDxPOSTECH 4th Organizer\r\n\r\n\uc77c\ub3d9 \uc62c\ub9bc.",
        "organizers_photo": "organizers/2017.jpg",
        "sponsors": [
            1,
            2,
            3,
            4,
            5,
            6,
            7,
            8,
            9,
            10,
            11,
            12,
            13,
            14
        ]
    }
},
{
    "model": "core.event",
    "pk": 2,
    "fields": {
        "year": 2016,
        "order": 3,
        "date": "2016-11-05",
        "place": "POSCO \uad6d\uc81c\uad00\r\n1\uce35 \uad6d\uc81c\ud68c\uc758\uc7a5",
        "start_at": "14:00:00",
        "end_at": "20:30:00",
        "fee": 10000,
        "after_party_fee": 5000,
        "early_bird_discount_rate": 50,
        "early_bird_capacity": 30,
        "early_bird_start_at": "2016-09-12T12:00:00Z",
        "regular_start_at": "2016-10-15T12:00:00Z",
        "early_bird_form_url": "https://docs.google.com/forms/d/e/1FAIpQLSf7u_AG6I14OzrCeAxSK4IkKg8KdviWL9xBv4OqzBnhH5RZ0g/closedfor",
        "regular_form_url": "https://goo.gl/forms/xBq5jeK2AojilFMp1",
        "early_bird_finished": true,
        "regular_finished": true,
        "timetable": "<thead>\r\n              <th colspan=\"2\">\ud589\uc0ac \ub2f9\uc77c \uc77c\uc815(11\uc6d4 5\uc77c \ud1a0\uc694\uc77c)*</th>\r\n            </thead>\r\n            <tfoot>\r\n              <tr>\r\n                <td colspan=\"2\">*\ud589\uc0ac \uc77c\uc815\uc740 \ub2f9\uc77c \uc0ac\uc815\uc5d0 \uc758\ud574 \ubcc0\ub3d9\ub420 \uc218 \uc788\uc2b5\ub2c8\ub2e4.</td>\r\n              </tr>\r\n              <tr>\r\n                <td colspan=\"2\">**TED talk\ub294 TED \uac15\uc5f0 \uc601\uc0c1 \uc911 \ud558\ub098\ub97c \uc0c1\uc601\ud558\ub294 \uc2dc\uac04\uc744 \uc758\ubbf8.</td>\r\n              </tr>\r\n              <tr>\r\n                <td colspan=\"2\">***TEDx talks\ub294 \ucd08\uccad\ub41c \uc5f0\uc0ac\ub4e4\uc758 \uac15\uc5f0\ud558\ub294 \uc2dc\uac04\uc744 \uc758\ubbf8.</td>\r\n              </tr>\r\n              <tr>\r\n                <td colspan=\"2\">****After Party \ucc38\uac00\ube44\ub294 5,000\uc6d0\uc73c\ub85c, \ucd1d\ud559\uc0dd\ud68c \uc815\ud68c\uc6d0\uc758 \uacbd\uc6b0 \ubb34\ub8cc\uc785\ub2c8\ub2e4.</td>\r\n              </tr>\r\n              <tr>\r\n                <td colspan=\"2\">****After Party\ub294 C5 \ucee8\ud37c\ub7f0\uc2a4 \ud640\uc5d0\uc11c \uc9c4\ud589\ub418\uba70 \uc5f0\uc0ac\uc640 \ucc38\uac00\uc790\uac04\uc758 Q&A\uc640 \ucc38\uac00\uc790\uac04\uc758 \uc544\uc774\uc2a4\ube0c\ub808\uc774\ud0b9 \ub4f1\uc774 \uc900\ube44\ub418\uc5b4 \uc788\uc2b5\ub2c8\ub2e4.</td>\r\n              </tr>\r\n            </tfoot>\r\n            <tbody>\r\n              <tr>\r\n                <td>13:00 ~ 14:00</td>\r\n                <td>\ub9ac\ud5c8\uc124</td>\r\n              </tr>\r\n              <tr>\r\n                <td>14:00 ~ 14:30</td>\r\n                <td>\uc785\uc7a5 \ubc0f \ud604\uc7a5 \ub4f1\ub85d</td>\r\n              </tr>\r\n              <tr>\r\n                <td>14:30 ~ 15:00</td>\r\n                <td>\uc624\ud504\ub2dd & TED Talk** #1</td>\r\n              </tr>\r\n              <tr>\r\n                <td>15:00 ~ 15:25</td>\r\n                <td>TEDx Talk #1</td>\r\n              </tr>\r\n              <tr>\r\n                <td>15:25 ~ 15:50</td>\r\n                <td>TEDx Talk #2</td>\r\n              </tr>\r\n              <tr>\r\n                <td>15:50 ~ 16:15</td>\r\n                <td>TEDx Talk #3</td>\r\n              </tr>\r\n              <tr>\r\n                <td>16:15 ~ 16:45</td>\r\n                <td>Icebreaking</td>\r\n              </tr>\r\n              <tr>\r\n                <td>16:45 ~ 17:00</td>\r\n                <td>Break Time</td>\r\n              </tr>\r\n              <tr>\r\n                <td>17:00 ~ 17:25</td>\r\n                <td>TED Talk #2</td>\r\n              </tr>\r\n              <tr>\r\n                <td>17:25 ~ 17:50</td>\r\n                <td>TEDx Talk #4</td>\r\n              </tr>\r\n              <tr>\r\n                <td>17:50 ~ 18:15</td>\r\n                <td>TEDx Talk #5</td>\r\n              </tr>\r\n              <tr>\r\n                <td>18:15 ~ 18:40</td>\r\n                <td>TEDx Talk #6</td>\r\n              </tr>\r\n              <tr>\r\n                <td>18:40 ~ 19:00</td>\r\n                <td>\ud074\ub85c\uc9d5</td>\r\n              </tr>\r\n              <tr>\r\n                <td>19:00 ~ 21:00</td>\r\n                <td>After Party****</td>\r\n              </tr>\r\n            </tbody>",
        "theme": "Unlimited",
        "theme_explanation": "\uc81c3\ud68c TEDxPOSTECH\uc758 \uc8fc\uc81c\ub294 \u2018unlimited\u2019\uc785\ub2c8\ub2e4. \u2018unlimited\u2019\ub97c \uc8fc\uc81c\ub85c \uc0bc\uc740 \uae4c\ub2ed\uc740, \uc800\ud76c TEDxPOSTECH\uc744 \ud1b5\ud574 POSTECH\uc758 \uad6c\uc131\uc6d0\ub4e4\uc774 \uc11c\ub85c\uc758 limit\uc640 unlimit\uc5d0 \ub300\ud55c \uace0\ubbfc\uacfc \uacbd\ud5d8\uc744 \ub098\ub204\uace0 \ud55c\uacc4\uc5d0 \ub300\ud55c \uc0c8\ub85c\uc6b4 \uc2dc\uac01\ub4e4\uc744 \ub098\ub204\uae30 \uc704\ud568\uc785\ub2c8\ub2e4. \uc5ec\ub7ec\ubd84\uc740 unlimited(\uc81c\ud55c\ub418\uc9c0 \uc54a\uc740) \ub77c\ub294 \uc8fc\uc81c\ub97c \ud1b5\ud574 \uc7ac\ubbf8\uc788\ub294 \ubc29\uc2dd\uc73c\ub85c \ud55c\uacc4\ub97c \uadf9\ubcf5\ud558\uac70\ub098, \ud55c\uacc4\ub97c \uac15\uc810\uc73c\ub85c \ubc14\uafd4 \uc790\uc2e0\ub9cc\uc758 \ubd84\uc57c\ub97c \uac1c\ucc99\ud55c \uc774\uc57c\uae30 \ub4f1 \ub2e4\uc591\ud55c \uc2dc\uac01\uc5d0\uc11c \uc811\uadfc\ud558\uace0, \ud65c\uc6a9\ud558\ub294 limit\uc5d0 \ub300\ud574 \uc774\uc57c\uae30 \ub098\ub204\uac8c \ub420 \uac83\uc785\ub2c8\ub2e4. \uc5ec\ub7ec\ubd84\uc740 limit\uc744 \uc5b4\ub5a4 \uc2dc\uac01\uc73c\ub85c \ubc14\ub77c\ubcf4\uace0 \ub2e4\ub8e8\ub824 \ud558\uc2dc\ub098\uc694?",
        "letter_title": "Message from TEDxPOSTECH 3rd Organizers",
        "letter_text": "\uc548\ub155\ud558\uc138\uc694. TEDxPOSTECH \uc138 \ubc88\uc9f8 \ud589\uc0ac\uc758 \uc9c4\ud589\uc744 \ub9e1\uac8c \ub41c \uac15\ud55c\uc194\uc785\ub2c8\ub2e4.\r\n\r\n\uc5ec\ub7ec\ubd84\uc5d0\uac8c TEDx\ub294 \uc5b4\ub5a4 \uae30\uc5b5\uc744 \ubd88\ub7ec \uc77c\uc73c\ud0a4\ub098\uc694? TEDx \ub77c\ub294 \uc774\ub984\uc774 \uc800\ud76c\ub4e4\uc5d0\uac8c \uac16\ub294 \uc758\ubbf8\ub294 \ud2b9\ubcc4\ud569\ub2c8\ub2e4. \u201cIdeas worth spreading\u201d\uc774\ub77c\ub294 \ubaa9\uc801 \uc544\ub798 TED\ub294 \ub9ce\uc740 \uc774\ub4e4\uc5d0\uac8c \ube44\uc804\uc744 \uc81c\uc2dc\ud574 \uc8fc\uc5c8\uace0, \ub354 \ub098\uc740 \ub0b4\uc77c\uc744 \uafc8\uafb8\uac8c \ud558\uace0, \ubcc0\ud654\ud560 \uc218 \uc788\ub294 \ud798\uc744 \uc8fc\uc5c8\uc2b5\ub2c8\ub2e4. \uadf8\ub798\uc11c \uc624\ub294 11\uc6d4 5\uc77c, \uc0ac\ud68c \uacf3\uacf3\uc758 \uc5f4\uc815 \ub118\uce58\ub294 \ubd84\ub4e4\uc744 \ucd08\ub300\ud558\uc5ec \ud559\ub0b4 \uad6c\uc131\uc6d0\ub4e4\uacfc \uc774 \ud2b9\ubcc4\ud55c \uacbd\ud5d8\uc744 \uacf5\uc720\ud558\uace0\uc790 \ud569\ub2c8\ub2e4. \uc26c\uc6b4 \uc77c\uc740 \uc544\ub2c8\uc5c8\uc2b5\ub2c8\ub2e4. \uadf8\ub7fc\uc5d0\ub3c4 TEDxPOSTECH\uc758 \uac1c\ucd5c\ub97c \uc704\ud574 \ub05d\uae4c\uc9c0 \ub2ec\ub824\uc62c \uc218 \uc788\uc5c8\ub358 \ud798\uc740, \u2018\uc815\ub9d0\ub85c \uc0ac\ub78c\ub4e4\uc5d0\uac8c \uc774 \uba4b\uc9c4 \uc774\uc57c\uae30\ub4e4\uc744 \uc18c\uac1c\ud558\uace0 \uc2f6\ub2e4\u2019\ub294 \uc5f4\ub9dd\uc785\ub2c8\ub2e4. TED\uac00 \uc800\ud76c\ub97c \ube44\ub86f\ud55c \ub9ce\uc740 \uc0ac\ub78c\ub4e4\uc5d0\uac8c \uc9c0\uae08\uae4c\uc9c0 \uadf8\ub798\uc654\ub4ef\uc774 \uc880 \ub354 \ud765\ubbf8\ub86d\uac8c \uc774\uc57c\uae30\ub97c \uc804\ub2ec\ud558\uace0 \uc2f6\uace0, \uc0ac\ub78c\ub4e4\uc774 \uc624\ub298\uacfc \ub2e4\ub978 \ub0b4\uc77c\uc744 \uc0b4\uc544\ub0b4\ub294 \uacc4\uae30\uac00 \ub418\ub3c4\ub85d \ud558\uc790\ub294 \uc2e0\ub150\uc774 \uc788\uae30 \ub54c\ubb38\uc785\ub2c8\ub2e4. \uc774\ub7ec\ud55c \uc9c4\uc2ec\uc744 6\uac00\uc9c0\uc758 \ud2b9\ubcc4\ud55c \uc544\uc774\ub514\uc5b4\uc640 \uc18c\uc911\ud55c \uacbd\ud5d8\uc5d0 \ub2f4\uc558\uc2b5\ub2c8\ub2e4.\r\n\r\n\uc624\ub294 11\uc6d4 5\uc77c, 3\ud68c TEDxPOSTECH \ud589\uc0ac\ub97c \ud1b5\ud574 \ub300\ud559 \uc0dd\ud65c\uc758 \uc18c\uc911\ud55c \uae30\uc5b5\uc744 \ub2f4\uc544 \uac00\uc2dc\uae38 \ubc14\ub78d\ub2c8\ub2e4. \r\n\r\n\uac10\uc0ac\ud569\ub2c8\ub2e4.",
        "letter_end": "TEDxPOSTECH 3rd Organizer\r\n\r\n\uc77c\ub3d9 \uc62c\ub9bc.",
        "organizers_photo": "organizers/2016.png",
        "sponsors": [
            1,
            2,
            3,
            4,
            6,
            7,
            8,
            9,
            10,
            13,
            15,
            16,
            17,
            18,
            19
        ]
    }
},
{
    "model": "core.event",
    "pk": 3,
    "fields": {
        "year": 2015,
        "order": 2,
        "date": "2015-10-31",
        "place": "POSCO \uad6d\uc81c\uad00\r\n1\uce35 \uad6d\uc81c\ud68c\uc758\uc7a5",
        "start_at": "14:00:00",
        "end_at": "20:30:00",
        "fee": 10000,
        "after_party_fee": 5000,
        "early_bird_discount_rate": 50,
        "early_bird_capacity": 30,
        "early_bird_start_at": "2015-09-21T15:00:00Z",
        "regular_start_at": "2015-10-14T15:00:00Z",
        "early_bird_form_url": "http://bit.ly/TEDxPOSTECH",
        "regular_form_url": "http://bit.ly/TEDxPOSTECH",
        "early_bird_finished": true,
        "regular_finished": true,
        "timetable": "<thead>\r\n              <th colspan=\"2\">\ud589\uc0ac \ub2f9\uc77c \uc77c\uc815(10\uc6d4 31\uc77c \ud1a0\uc694\uc77c)*</th>\r\n            </thead>\r\n            <tfoot>\r\n              <tr>\r\n                <td colspan=\"2\">*\ud589\uc0ac \uc77c\uc815\uc740 \ub2f9\uc77c \uc0ac\uc815\uc5d0 \uc758\ud574 \ubcc0\ub3d9\ub420 \uc218 \uc788\uc2b5\ub2c8\ub2e4.</td>\r\n              </tr>\r\n              <tr>\r\n                <td colspan=\"2\">**TED talk\ub294 TED \uac15\uc5f0 \uc601\uc0c1 \uc911 \ud558\ub098\ub97c \uc0c1\uc601\ud558\ub294 \uc2dc\uac04\uc744 \uc758\ubbf8\ud569\ub2c8\ub2e4.</td>\r\n              </tr>\r\n              <tr>\r\n                <td colspan=\"2\">***TEDx talks\ub294 \ucd08\uccad\ub41c \uc5f0\uc0ac\ub4e4\uc758 \uac15\uc5f0\ud558\ub294 \uc2dc\uac04\uc744 \uc758\ubbf8\ud569\ub2c8\ub2e4.</td>\r\n              </tr>\r\n              <tr>\r\n                <td colspan=\"2\">****After Party\ub294 \uad6d\uc81c\uad00\uc5d0\uc11c \ub3c4\ubcf4\ub85c 20\ubd84 \uac70\ub9ac\uc778 \ud6a8\uc790\uc2dc\uc7a5\uc758 RIO \uce74\ud398\uc5d0\uc11c \uc9c4\ud589\ub429\ub2c8\ub2e4.</td>\r\n              </tr>\r\n            </tfoot>\r\n            <tbody>\r\n              <tr>\r\n                <td>14:00 ~ 14:30</td>\r\n                <td>\uc785\uc7a5 \ubc0f \ud604\uc7a5 \ub4f1\ub85d</td>\r\n              </tr>\r\n              <tr>\r\n                <td>14:30 ~ 15:00</td>\r\n                <td>\uc624\ud504\ub2dd & TED Talk** #1</td>\r\n              </tr>\r\n              <tr>\r\n                <td>15:00 ~ 15:25</td>\r\n                <td>TEDx Talk #1</td>\r\n              </tr>\r\n              <tr>\r\n                <td>15:25 ~ 15:50</td>\r\n                <td>TEDx Talk #2</td>\r\n              </tr>\r\n              <tr>\r\n                <td>15:50 ~ 16:15</td>\r\n                <td>TEDx Talk #3</td>\r\n              </tr>\r\n              <tr>\r\n                <td>16:15 ~ 16:35</td>\r\n                <td>Break Time, TED Talk #2</td>\r\n              </tr>\r\n              <tr>\r\n                <td>16:35 ~ 17:00</td>\r\n                <td>TEDx Talk #4</td>\r\n              </tr>\r\n              <tr>\r\n                <td>17:00 ~ 17:25</td>\r\n                <td>TEDx Talk #5</td>\r\n              </tr>\r\n              <tr>\r\n                <td>17:25 ~ 17:50</td>\r\n                <td>TEDx Talk #6</td>\r\n              </tr>\r\n              <tr>\r\n                <td>17:50 ~ 18:10</td>\r\n                <td>\ud074\ub85c\uc9d5</td>\r\n              </tr>\r\n              <tr>\r\n                <td>19:00 ~      </td>\r\n                <td>After Party****</td>\r\n              </tr>\r\n            </tbody>",
        "theme": "'?'(Question Mark)",
        "theme_explanation": "\uc81c2\ud68c TEDxPOSTECH\uc758 \uc8fc\uc81c\ub294 \u2018?\u2019\uc785\ub2c8\ub2e4. \uc9c8\ubb38\uc744 \uc0c1\uc9d5\ud558\ub294 \ubb3c\uc74c\ud45c\ub294 \ub2e4\uc591\ud55c \uc758\ubbf8\ub85c \ud574\uc11d\ub420 \uc218 \uc788\uc2b5\ub2c8\ub2e4. \ubb3c\uc74c\ud45c\ub294 \uc9c8\ubb38\uc744 \ud560 \ub54c \uc0ac\uc6a9\ub418\ub294 \ubb38\uc7a5\ubd80\ud638\uc774\uae30\ub3c4 \ud558\uc9c0\ub9cc, \uc774\ubc88 TEDxPOSTECH\uc5d0\uc11c\ub294 \u2018\uc6b0\ub9ac \ubaa8\ub450\uac00 \ud574\uacb0\ud574\uc57c \ud558\ub294 \uc9c8\ubb38\u2019, \u2018\uc0ac\ud68c\uc5d0 \ub358\uc9c0\uace0 \uc2f6\uc740 \uc9c8\ubb38\u2019, \u2018\ud55c \ub54c \uce58\uc5f4\ud558\uac8c \uace0\ubbfc\ud558\uba74\uc11c \uacb0\uad6d \ub2f5\uc744 \ucc3e\uc544\ub0b8 \uc9c8\ubb38\u2019 \ub4f1 \ub2e4\uc591\ud55c \ubb3c\uc74c\ud45c\uc5d0 \ub300\ud574 \uc598\uae30\ud558\uace0\uc790 \ud569\ub2c8\ub2e4. \uc9c8\ubb38\uc5d0\ub294 \ub2f5\uc774 \uc788\uc5b4\ub3c4 \ub418\uace0, \uc5c6\uc5b4\ub3c4 \ub429\ub2c8\ub2e4. \uc800\ud76c\ub294 TEDxPOSTECH\uc744 \ud1b5\ud574 \uc11c\ub85c\uac00 \uc11c\ub85c\uc758 \uace0\ubbfc, \uc9c8\ubb38\uac70\ub9ac\uc640 \uadf8\uc5d0 \ub300\ud55c \uc0dd\uac01\uc744 \ub098\ub204\uc5b4 \ubcf4\uc790\ub294 \ucde8\uc9c0\uc5d0\uc11c \u2018?\u2019\ub97c \uc8fc\uc81c\ub85c \uc815\ud558\uc600\uc2b5\ub2c8\ub2e4.",
        "letter_title": "Message from TEDxPOSTECH 2nd Organizer Director",
        "letter_text": "\uc548\ub155\ud558\uc138\uc694. TEDxPOSTECH \ub450 \ubc88\uc9f8 \ud589\uc0ac\uc758 \ub514\ub809\ud305\uc744 \ub9e1\uac8c\ub41c \uc724\uc9c4\ud601\uc785\ub2c8\ub2e4.\r\n\r\n\uc5b4\ub290\ub367 \uccab \ubc88\uc9f8 TEDxPOSTECH\uc774 \uac1c\ucd5c\ub41c\uc9c0 4\ub144\uc774\ub780 \uc2dc\uac04\uc774 \ud758\ub800\uc2b5\ub2c8\ub2e4. 2014\ub144 11\uc6d4\ubd80\ud130 TED\uac00 \uc0ac\ub77c\uc9c4 POSTECH\uc5d0 \uc228\uc744 \ubd88\uc5b4\ub123\ub294 \uae30\uac04\uc740 \ubd84\uba85 \uc800\ud76c Oragnizer\ub4e4\uc5d0\uac8c \ub108\ubb34\ub098\ub3c4 \ud798\ub4e0 \uc2dc\uac04\uc774\uc5c8\uc2b5\ub2c8\ub2e4. \uadf8\ub7ec\ub098 \ub204\uad70\uac00\ub294 'Ideas worth spreading' \uc774\ub77c\ub294 \ubaa8\ud1a0\uc758 \uac00\uce58\ub97c \uc6a9\uae30\ub0b4\uc5b4 \ubcf4\uc5ec\uc8fc\uc5b4\uc57c \ud55c\ub2e4\ub294 \uc2e0\ub150\uc544\ub798 \ubb49\uce5c \uc800\ud76c Oragnizer\ub4e4\uc740 \uadf8 \ubaa8\ud1a0\ub97c \ub300\ud55c\ubbfc\uad6d \ucd5c\uace0\uc758 \uc774\uacf5\uacc4 \ub300\ud559\uc778 POSTECH\uc5d0 \uc804\ud30c\ud558\uace0\uc790 \uc57d 1\ub144\uac04\uc758 \uae34 \uc2dc\uac04\ub3d9\uc548 \ucd5c\uc120\uc744 \ub2e4\ud574 \uc900\ube44\ud574\uc654\uc2b5\ub2c8\ub2e4. \uadf8\ub9ac\uace0 \ub9c8\uce68\ub0b4, \ub2e4\uac00\uc624\ub294 2015\ub144 10\uc6d4 31\uc77c, \ud3ec\uc2a4\ucf54 \uad6d\uc81c\uad00\uc5d0\uc11c \uc5ec\ub7ec\ubd84\ub4e4 \uc55e\uc5d0 TEDxPOSTECH\uc774 \uadf8 \ub450 \ubc88\uc9f8 \ubaa8\uc2b5\uc744 \ub4dc\ub7ec\ub0b4\uac8c \ub418\uc5c8\uc2b5\ub2c8\ub2e4.\r\n\r\n\uc5ec\ub7ec\ubd84\ub4e4\uc740 \ubb3c\uc74c\ud45c(Question)\uc774\ub77c\ub294 \uc8fc\uc81c\ub97c \ud1b5\ud574 \uac01\uae30 \ub2e4\ub978 \uc5f0\uc0ac\ubd84\ub4e4\uc758 \uc9c4\uc194\ud55c \uc774\uc57c\uae30\ub4e4\uc744 \ub4e4\uc73c\uc2e4 \uac83\uc785\ub2c8\ub2e4. '\uc6b0\ub9ac \ubaa8\ub450\uac00 \ud574\uacb0\ud574\uc57c \ud558\ub294 \uc9c8\ubb38', '\uc0ac\ud68c\uc5d0 \ub358\uc9c0\uace0 \uc2f6\uc740 \uc9c8\ubb38', '\ud55c \ub54c \uce58\uc5f4\ud558\uac8c \uace0\ubbfc\ud55c \ub05d\uc5d0 \ub2f5\uc744 \ucc3e\uc544\ub0b8 \uc9c8\ubb38', TEDxPOSTECH\uc758 \ub450 \ubc88\uc9f8 \ud589\uc0ac\uc5d0\uc11c\ub294 \uc6b0\ub9ac \uc8fc\ubcc0\uc5d0 \uc874\uc7ac\ud558\ub294 \ub2e4\uc591\ud55c \ud615\ud0dc\uc758 \ubb3c\uc74c\ud45c\uc640 \uadf8\uc5d0 \ub300\ud55c \uc544\uc774\ub514\uc5b4\ub97c \ub098\ub204\uace0\uc790 \ud569\ub2c8\ub2e4.\r\n\r\n\uc5ec\ub7ec\ubd84\ub4e4\uc758 \ubb3c\uc74c\ud45c\ub294 \ubb34\uc5c7\uc778\uac00\uc694? \uadf8 \ubb3c\uc74c\ud45c\uc5d0 \ub300\ud55c \ub2f5\uc758 \uc18c\uc911\ud55c \ud37c\uc990\uc870\uac01\ub4e4\uc744 \uc0c8\ub86d\uac8c \ub3c4\uc57d\ud558\ub294 TEDxPOSTECH\uc758 \ub450 \ubc88\uc9f8 \ud589\uc0ac\uc5d0\uc11c \ucc3e\uc73c\uc2dc\uae38 \ubc14\ub78d\ub2c8\ub2e4.\r\n\r\n\uac10\uc0ac\ud569\ub2c8\ub2e4.",
        "letter_end": "TEDxPOSTECH 2nd Organizer Director\r\n\r\n\uc724\uc9c4\ud601 \uc62c\ub9bc.",
        "organizers_photo": "organizers/2015.jpg",
        "sponsors": [
            1,
            2,
            3,
            6,
            7,
            9,
            10,
            16,
            20,
            21,
            22
        ]
    }
},
{
    "model": "core.event",
    "pk": 4,
    "fields": {
        "year": 2011,
        "order": 1,
        "date": "2011-11-05",
        "place": "POSCO \uad6d\uc81c\uad00\r\n1\uce35 \uad6d\uc81c\ud68c\uc758\uc7a5",
        "start_at": "14:00:00",
        "end_at": "21:16:58",
        "fee": 5000,
        "after_party_fee": 0,
        "early_bird_discount_rate": 50,
        "early_bird_capacity": 30,
        "early_bird_start_at": "2018-07-13T12:18:13Z",
        "regular_start_at": "2018-07-13T12:18:14Z",
        "early_bird_form_url": null,
        "regular_form_url": null,
        "early_bird_finished": true,
        "regular_finished": true,
        "timetable": "",
        "theme": null,
        "theme_explanation": "",
        "letter_title": null,
        "letter_text": "",
        "letter_end": "",
        "organizers_photo": "organizers/2011.jpg",
        "sponsors": []
    }
},
{
    "model": "core.organizer",
    "pk": 1,
    "fields": {
        "name": "\uacf5\ud658\uc11d",
        "event": 1,
        "image": "organizers/rhdghkstjr.jpg",
        "department": 4,
        "entered_year": 16
    }
},
{
    "model": "core.organizer",
    "pk": 2,
    "fields": {
        "name": "\uae40\uc815\uc218",
        "event": 1,
        "image": "organizers/rlawjdtn.jpg",
        "department": 10,
        "entered_year": 16
    }
},
{
    "model": "core.organizer",
    "pk": 3,
    "fields": {
        "name": "\uc724\ucc44\ub9bc",
        "event": 1,
        "image": "organizers/dbscofla.jpg",
        "department": 4,
        "entered_year": 16
    }
},
{
    "model": "core.organizer",
    "pk": 4,
    "fields": {
        "name": "\uc774\uc8fc\ud604",
        "event": 1,
        "image": "organizers/dlwngus.jpg",
        "department": 4,
        "entered_year": 16
    }
},
{
    "model": "core.organizer",
    "pk": 5,
    "fields": {
        "name": "\uc774\ud638\uc815",
        "event": 1,
        "image": "organizers/dlghwjd.jpg",
        "department": 3,
        "entered_year": 15
    }
},
{
    "model": "core.organizer",
    "pk": 6,
    "fields": {
        "name": "\uc784\uc900\uc601",
        "event": 1,
        "image": "organizers/dlawnsdud.jpg",
        "department": 5,
        "entered_year": 16
    }
},
{
    "model": "core.organizer",
    "pk": 7,
    "fields": {
        "name": "\ucd5c\uc218\uc9c0",
        "event": 1,
        "image": "organizers/chltnwl.jpg",
        "department": 4,
        "entered_year": 16
    }
},
{
    "model": "core.organizer",
    "pk": 8,
    "fields": {
        "name": "\ucd5c\ud61c\uc6d0",
        "event": 1,
        "image": "organizers/chlgPdnjs.jpg",
        "department": 4,
        "entered_year": 16
    }
},
{
    "model": "core.organizer",
    "pk": 9,
    "fields": {
        "name": "\uac15\ud55c\uc194",
        "event": 2,
        "image": "organizers/rkdgksthf.jpg",
        "department": 4,
        "entered_year": 15
    }
},
{
    "model": "core.organizer",
    "pk": 10,
    "fields": {
        "name": "\uae40\uc601\ucc44",
        "event": 2,
        "image": "organizers/rladudco.jpg",
        "department": 8,
        "entered_year": 15
    }
},
{
    "model": "core.organizer",
    "pk": 11,
    "fields": {
        "name": "\uae40\ucc44\uc724",
        "event": 2,
        "image": "organizers/rlacodbs.jpg",
        "department": 2,
        "entered_year": 15
    }
},
{
    "model": "core.organizer",
    "pk": 12,
    "fields": {
        "name": "\uc774\ubbfc\uacbd",
        "event": 2,
        "image": "organizers/dlalsrud.jpg",
        "department": 6,
        "entered_year": 15
    }
},
{
    "model": "core.organizer",
    "pk": 13,
    "fields": {
        "name": "\uc774\uc6a9\uc6b0",
        "event": 2,
        "image": "organizers/dldyddn.jpg",
        "department": 8,
        "entered_year": 14
    }
},
{
    "model": "core.organizer",
    "pk": 14,
    "fields": {
        "name": "\uc784\ub3d9\ud604",
        "event": 2,
        "image": "organizers/dlaehdgus.jpg",
        "department": 5,
        "entered_year": 14
    }
},
{
    "model": "core.organizer",
    "pk": 15,
    "fields": {
        "name": "\ucd5c\uc0c1\ubc94",
        "event": 2,
        "image": "organizers/chltkdqja.png",
        "department": 8,
        "entered_year": 15
    }
},
{
    "model": "core.organizer",
    "pk": 16,
    "fields": {
        "name": "\ud64d\uc778\uc8fc",
        "event": 2,
        "image": "organizers/ghddlswn.jpg",
        "department": 10,
        "entered_year": 15
    }
},
{
    "model": "core.organizer",
    "pk": 17,
    "fields": {
        "name": "\uc724\uc9c4\ud601",
        "event": 3,
        "image": "organizers/dbswlsgur.jpg",
        "department": 5,
        "entered_year": 14
    }
},
{
    "model": "core.organizer",
    "pk": 18,
    "fields": {
        "name": "\uac15\uc9c0\uc6b0",
        "event": 3,
        "image": "organizers/rkdwldn.jpg",
        "department": 4,
        "entered_year": 7
    }
},
{
    "model": "core.organizer",
    "pk": 19,
    "fields": {
        "name": "\uad8c\uc740\uc9c0",
        "event": 3,
        "image": "organizers/rnjsdmswl.jpg",
        "department": 1,
        "entered_year": 13
    }
},
{
    "model": "core.organizer",
    "pk": 20,
    "fields": {
        "name": "\ubc15\uc2dc\uc740",
        "event": 3,
        "image": "organizers/qkrtldms.jpg",
        "department": 8,
        "entered_year": 14
    }
},
{
    "model": "core.organizer",
    "pk": 21,
    "fields": {
        "name": "\uc720\uc7ac\uc6d0",
        "event": 3,
        "image": "organizers/dbwodnjs.jpg",
        "department": 1,
        "entered_year": 13
    }
},
{
    "model": "core.organizer",
    "pk": 22,
    "fields": {
        "name": "\uc774\uc2dc\uc6b0",
        "event": 3,
        "image": "organizers/dltldn.jpg",
        "department": 1,
        "entered_year": 13
    }
},
{
    "model": "core.organizer",
    "pk": 23,
    "fields": {
        "name": "\uc774\uc885\uac74",
        "event": 3,
        "image": "organizers/dlwhdrjs.jpg",
        "department": 8,
        "entered_year": 14
    }
},
{
    "model": "core.organizer",
    "pk": 24,
    "fields": {
        "name": "\uc784\ubc94\uc218",
        "event": 3,
        "image": "organizers/dlaqjatn.jpg",
        "department": 9,
        "entered_year": 14
    }
},
{
    "model": "core.speaker",
    "pk": 1,
    "fields": {
        "name": "\uc784\uc7ac\uc601",
        "event": 1,
        "image": "speakers/speakers_ljy.jpg",
        "explanation": "\uc784\uc7ac\uc601 \uc13c\ud130\uc7a5\ub2d8\uc740 \uc815\uc2e0\uacfc \uc758\uc0ac\ub85c\uc11c \uc758\uc655\uc2dc\uc815\uc2e0\uac74\uac15\ubcf5\uc9c0\uc13c\ud130\uc758 \uc13c\ud130\uc7a5\uc744 \ub9e1\uace0 \uacc4\uc2ed\ub2c8\ub2e4. \uc13c\ud130\uc7a5\ub2d8\uc740 \ucc3e\uc544\uac00\ub294 \uace0\ubbfc\uc0c1\ub2f4\uc18c\ub97c \uc6b4\uc601\ud558\uc2dc\uba74\uc11c \ubc29\ubc29\uace1\uace1\uc744 \ub3cc\uc544\ub2e4\ub2c8\uba70 \uc0c1\ub2f4\uacfc \uce58\ub8cc\ub97c \uc9c4\ud589\ud558\uace0 \uacc4\uc2ed\ub2c8\ub2e4.\r\n\r\n\uc120\ub73b \uc815\uc2e0\uacfc\uc5d0 \ucc3e\uc544\uc624\uae30 \ud798\ub4e4\uc5b4\ud558\ub294 \uc0ac\ub78c\ub4e4\uc744 \ucc3e\uc544 \ud2b8\ub7ed\uc744 \ubab0\uace0 \ub2e4\ub2c8\ub294 \uadf8\ub294 \uc885\uc885 '\uc815\uc2e0 \ub098\uac04 \uc815\uc2e0\uacfc \uc758\uc0ac'\ub77c \ubd88\ub9ac\uace4 \ud569\ub2c8\ub2e4. \uba3c\uc800 \ub2e4\uac00\uac00\uace0 \ucc3e\uc544\uac00\ub294 \uc18c\ud1b5\uc744 \uc704\ud574 \uc758\uc0ac\uc5d0\uac90 \ud648\uadf8\ub77c\uc6b4\ub4dc \uac19\uc740 \ubcd1\uc6d0\uc744 \uad00\ub450\uace0 \uac70\ub9ac\ub85c \ub098\uc624\uac8c \ub41c \uc784\uc7ac\uc601 \uc13c\ud130\uc7a5\uc758 \uc0ac\uc5f0\uc5d0\ub294 '\uc790\uc720 \uc758\uc9c0'\uc5d0 \ub300\ud55c \uc774\ud574\uc640 \ub9c8\uc74c\uc758 \ubcd1\uc5d0 \ub300\ud55c \uae4a\uc740 \uc774\ud574\uac00 \ub179\uc544\uc788\uc2b5\ub2c8\ub2e4. \ud658\uc790\ub4e4\uc5d0\uac8c \uc190\uc744 \ub0b4\ubc00\uace0 \ubb34\ub8cc \uc0c1\ub2f4\uc744 \ud574\uc8fc\ub294 '\ucc3e\uc544\uac00\ub294 \uace0\ubbfc\uc0c1\ub2f4\uc18c'\ub97c \uc6b4\uc601\ud558\ub294 \uadf8\uc758 \uc774\uc57c\uae30\ub85c\ubd80\ud130 \uc18c\ud1b5\uc5d0\uc11c \uba3c\uc800 \ub9c8\uc74c\uc744 \uc5ec\ub294 \ubc95\uc744 \ubc30\uc6b0\uace0\uc790 \ud569\ub2c8\ub2e4.",
        "youtube_url": null,
        "published_datetime": "2018-07-09T04:03:43Z"
    }
},
{
    "model": "core.speaker",
    "pk": 2,
    "fields": {
        "name": "\uae40\ud0dc\uc6b0(\ud14c\uc624)",
        "event": 1,
        "image": "speakers/speakers_ktw.jpg",
        "explanation": "\uae40\ud0dc\uc6b0 \ud0c0\ud22c\uc774\uc2a4\ud2b8\ub2d8\uc740 \ud55c\uace1\uc608\uc220\uc885\ud569\ud559\uad50 \ubbf8\uc220\uc6d0 \ub514\uc790\uc778, \uc2dc\uac01\ub514\uc790\uc778\uc5d0\uc11c \ud559\uc0ac \ud559\uc704\ub97c \ubc1b\uc73c\uc2dc\uace0 2006\ub144\uc5d0 <\ud14c\uc624\ud0c0\ud22c>\ub97c \uac1c\uc5c5, \uadf8 \ud6c4 2012\ub144\uc5d0\ub294 \ub514\uc790\uc778\ud68c\uc0ac '\ud14c\uc624\uc6cc\ud06c\ub8f8'\uc744 \uac1c\uc5c5\ud558\uc5ec \ud604\ub300\uc790\ub3d9\ucc28, TROIS ROIS, COACH \ub4f1\uc758 \uae30\uc5c5\ub4e4\uacfc \ud611\uc5c5\ud558\uace0 \uacc4\uc2ed\ub2c8\ub2e4.\r\n\r\n\uc5ed\uc0ac\uc758 \ud750\ub984\uacfc \ud568\uaed8\ud574 \uc628 \ud0c0\ud22c\ub294 \ub2e8\uc21c\ud55c \uc720\ud589\uc758 \uc0c1\uc9d5\uc744 \ub118\uc5b4 \uc0c8\ub85c\uc6b4 \uc18c\ud1b5\uc758 \uc5b8\uc5b4\ub85c \uc7ac\ud0c4\uc0dd\ub418\uace0 \uc788\uc2b5\ub2c8\ub2e4. \uc0c1\ucc98\ub97c \uc608\uc220\ub85c \ubcc0\ud654\uc2dc\ud0a4\uace0 \uac1c\uc778\uc758 \uc18c\uc911\ud55c \uac00\uce58\ub97c \ubab8\uc5d0 \ub0a8\uae30\uba74\uc11c \ud14c\uc624 \ud0c0\ud22c\uc774\uc2a4\ud2b8\uc758 \ud0c0\ud22c\ub294 \ubab8\uc758 \ud53c\ubd80\ub97c \ubbf8\ub514\uc5b4\ub85c \ud65c\uc6a9\ud558\uc5ec \uc2a4\uc2a4\ub85c\ub97c \ub300\ubcc0\ud558\ub294 \uba54\uc2dc\uc9c0\ub97c \uc804\ub2ec\ud558\ub294 \uc790\uae30\ud45c\ud604\uc758 \ucd5c\uc804\uc120\uc73c\ub85c \ubc1c\uc804\ud574\uc654\uc2b5\ub2c8\ub2e4. \uc6c0\uc9c1\uc774\ub294 \uce94\ubc84\uc2a4 \uc704\uc758 \uadf8\ub9bc\uc744 \ud1b5\ud574 \ub098\ub2e4\uc6b4 \uac1c\uc131\uc744 \ud45c\ucd9c\ud558\uace0 \uc138\uc0c1\uacfc \uc18c\ud1b5\ud558\ub294 \uadf8\uc758 \ud0c0\ud22c\uc5d0 \ub300\ud574 \uc54c\uc544\ubd05\ub2c8\ub2e4.",
        "youtube_url": null,
        "published_datetime": "2018-07-09T04:06:44Z"
    }
},
{
    "model": "core.speaker",
    "pk": 3,
    "fields": {
        "name": "\ubc15\uc885\uc6d0",
        "event": 1,
        "image": "speakers/speakers_pjw.jpg",
        "explanation": "\ubc15\uc885\uc6d0 \ub300\ud45c\ub2d8\uc740 \uc2ec\uc57c\uc11c\uc810, \ub3c5\uc11c\ubaa8\uc784, \uc791\uac00\uc640\uc758 \ub300\ud654, \ubd81\ud30c\ud2f0, \uacf5\uc5f0 \ub4f1 \ucc45\uc73c\ub85c \uc990\uae38 \uc218 \uc788\ub294 \ub2e4\uc591\ud55c \ud504\ub85c\uadf8\ub7a8\uc744 \uc6b4\uc601\ud558\ub294 \ubd81\uce74\ud398 '\ubd81\ud2f0\ud06c'\uc758 \ub300\ud45c\uc785\ub2c8\ub2e4.\r\n\r\n\ucc45\uc744 \ub9cc\ub4dc\ub294 \ucd9c\ud310\uc0ac\uc5d0\uc11c \ub3c5\uc790\ub97c \ub9cc\ub4dc\ub294 \uc11c\uc810\uc73c\ub85c, \ubc15\uc885\uc6d0 \ub300\ud45c\ub294 \ubd81\uce74\ud398 '\ubd81\ud2f0\ud06c'\ub97c \uc6b4\uc601\ud558\uba70 \ucc45\uc744 \ub9e4\uac1c\ub85c \uc0ac\ub78c\uacfc \uc0ac\ub78c\uc744 \uc5f0\uacb0\ud558\ub294 \uc77c\uc744 \ud558\uace0 \uc788\uc2b5\ub2c8\ub2e4. \uc0ac\ub78c\ub4e4\uc740 \ub3c5\uc11c\ub97c \ud1b5\ud574 \uc9c0\uc2dd\uc744 \uc2b5\ub4dd\ud558\uace0 \uc774\ub97c \ub2e4\ub978 \uc0ac\ub78c\uacfc \ub098\ub214\uc73c\ub85c\uc368 \uc0c8\ub85c\uc6b4 \uac00\uce58\ub97c \uc5bb\uae30\ub3c4 \ud569\ub2c8\ub2e4. \uc0ac\ub78c\ub4e4\uacfc \ud568\uaed8 \uc790\uc720\ub86d\uac8c \ucc45\uc744 \uc77d\uace0 \ub300\ud654\ud558\ub294 \ubb38\ud654\ub97c \ub098\ub204\ub294 '\ubd81\ud2f0\ud06c'\uc758 \uc0ac\ub840\ub85c\ubd80\ud130 \ucc45\uacfc \uc0ac\ub78c\uc758 \uc5f0\uacb0, \ucc45\uc744 \ub9e4\uac1c\ub85c \ud558\ub294 \uc0ac\ub78c\uacfc \uc0ac\ub78c\uc758 \uc5f0\uacb0, \uacf5\uac04\uc5d0\uc11c \uc5f0\uacb0\uc758 \uc5ed\ud560\uc5d0 \ub300\ud574 \uc774\uc57c\uae30\ud574\ubcf4\uace0\uc790 \ud569\ub2c8\ub2e4.",
        "youtube_url": null,
        "published_datetime": "2018-07-09T04:07:02Z"
    }
},
{
    "model": "core.speaker",
    "pk": 4,
    "fields": {
        "name": "\uc774\uc6d0\uc601",
        "event": 1,
        "image": "speakers/speakers_lwy.jpg",
        "explanation": "\uc774\uc6d0\uc601 \ub300\ud45c\ub2d8\uc740 2015\ub144\ub3c4\uc5d0 \ucde8\uc784\ud558\uc2e0 \uc528\uc5d4\uc5d8\ud504\ub77c\uc790 \ub300\ud45c\uc774\uc0ac\uc774\uc790, \ud604\uc7ac \ube14\ub8e8\uce94\ubc84\uc2a4 \uc0ac\uc5c5\uc758 \uc0ac\uc5c5\uc7a5\uc785\ub2c8\ub2e4.\r\n\r\nFLUX \ub04a\uc784\uc5c6\ub294 \ubcc0\ud654. 4\ucc28 \uc0b0\uc5c5\ud601\uba85\uc774\ub77c\ub294 \ub2e8\uc5b4 \uc18d\uc5d0 \ub4e4\uc5b4\uc788\ub294 \ubb34\uc218\ud55c \uae30\uc220\uacfc \uadf8 \uae30\uc220\ub4e4\ub85c \ubcc0\ud654\ub418\ub294 \uc138\uc0c1\uc18d\uc5d0 \ub098\ub77c\ub294 \uc874\uc7ac\ub294 \uc5b4\ub5bb\uac8c \ubcc0\ud654\ub418\uace0 \uc788\uc744\uae4c\uc694? \uc774 \uc218\ub9ce\uc740 \uae30\uc220\uacfc \uc2dc\ub3c4\ub4e4\uc740 \ubb34\uc5c7\uc744 \uc704\ud55c \uac83\uc77c\uae4c\uc694? \ub098\ub97c \ubcc0\ud654\uc2dc\ud0a4\ub294 \uc7a5\uba74, \uadf8\ub9ac\uace0 \ub098\ub85c \uc778\ud558\uc5ec \ubcc0\ud560 \uc218 \uc788\ub294 \ub204\uad70\uac00. \uc138\uc0c1\uc5d0 \uc5b4\ub5a0\ud55c \ud589\ub3d9\ub3c4 \ud5db\ub418\uc774 \uc774\ub8e8\uc5b4\uc9c0\ub294 \ud589\ub3d9\uc740 \uc5c6\uc2b5\ub2c8\ub2e4. \uadf8 \ud55c \uc0ac\ub78c\uc758 \ubcc0\ud654\ub97c \ub9cc\ub098\ubcf4\uc138\uc694. \uadf8\ub9ac\uace0 \ub2f9\uc2e0\uc758 \uc18c\uc911\ud55c \uc2dc\uac04\uc5d0 \uc758\ubbf8\ub97c \ub2f4\uc544\ubcf4\uc138\uc694.",
        "youtube_url": null,
        "published_datetime": "2018-07-09T04:07:14Z"
    }
},
{
    "model": "core.speaker",
    "pk": 5,
    "fields": {
        "name": "\uc774\ub0a8\ud76c",
        "event": 2,
        "image": "speakers/speakers_lnh.jpg",
        "explanation": "\uc2a4\ud2b8\ub808\uc2a4 \ucef4\ud37c\ub2c8\uc758 \uc774\ub0a8\ud76c \ub300\ud45c\ub2d8\uc740 \ud55c\uad6d\uc608\uc220\uc885\ud569\ud559\uad50 \ubbf8\uc220\uc6d0 \uc870\ud615\uc608\uc220\uacfc\ub97c \uc878\uc5c5\ud558\uc2dc\uace0, \uc0ac\ud68c\uc801\uae30\uc5c5 \ub178\ub9ac\ub2e8 \uc5d0\uc11c \uc0ac\ud68c\ub514\uc790\uc778\ud300 \ub514\uc790\uc774\ub108\ub85c \ud65c\ub3d9\ud558\uc168\uc2b5\ub2c8\ub2e4. \uc2a4\ud2b8\ub808\uc2a4\ucef4\ud37c\ub2c8\uc758 \ub300\ud45c\ub85c, \uc0ac\ub78c\ub4e4 \uc0ac\uc774\uc758 \uc2a4\ud2b8\ub808\uc2a4\ub97c \ubd80\ub4dc\ub7fd\uac8c \ud574\uc18c\ud558\ub294 \ubc29\ubc95\uacfc \uac08\ub4f1\uc744 \ubc29\uc9c0\ud560 \uc218 \uc788\ub294 \ub3c4\uad6c\ub4e4\uc744 \uc990\uac81\uac8c \uc2e4\ud5d8\ud558\uace0 \uacc4\uc2ed\ub2c8\ub2e4.\r\n\r\n\ud558\ub8e8\uc5d0\ub3c4 \uc218\uc2ed \ubc88\uc529 \ubc1b\ub294 \uc2a4\ud2b8\ub808\uc2a4. \ub2f9\uc2e0\uc744 \uad34\ub86d\ud788\ub294 \uc4f8\ubaa8 \uc5c6\ub294 \uac83\uc774\ub77c \uc5ec\uae30\uace0 \ubb34\uc870\uac74 \uc5c6\uc560 \ubc84\ub824\uc57c\ub9cc \ud55c\ub2e4\uace0 \uc0dd\uac01\ud558\uc2e0 \uc801 \uc788\ub098\uc694? \uc5ec\uae30 \ubcf8\uc778\uc758 \uc2a4\ud2b8\ub808\uc2a4\ub97c \ud574\uc18c\ud558\uae30 \uc704\ud574 \uc2a4\ud2b8\ub808\uc2a4\ucef4\ud37c\ub2c8 \ub77c\ub294 \ud68c\uc0ac\ub97c \ub9cc\ub4e4\uace0, \uc138\uc0c1\uc5d0 \uc5c6\ub358 \uc0c1\ud488\ub4e4\uc744 \uc81c\uc791\ud558\uba70 \uc2a4\ud2b8\ub808\uc2a4\ub97c \uc790\uc2e0\uc758 \uc0b6\uc5d0\uc11c \uc5c6\uc5b4\uc11c\ub294 \uc548\ub420 \uc5d0\ub108\uc9c0\ub85c \ubc14\uafbc \uc0ac\ub78c\uc774 \uc788\uc2b5\ub2c8\ub2e4. \uc2a4\ud2b8\ub808\uc2a4\ucef4\ud37c\ub2c8 \uc774\ub0a8\ud76c \ub300\ud45c\ub2d8\uc758 \uc774\uc57c\uae30\ub97c \ud1b5\ud574 \ub2f9\uc2e0\uc758 \uc2a4\ud2b8\ub808\uc2a4\uc5d0 \ub300\ud574\uc11c \ub2e4\uc2dc \ud55c \ubc88 \uc0dd\uac01\ud574\ubcfc \uc218 \uc788\ub294 \uc2dc\uac04\uc744 \uac00\uc838\ubcf4\uace0\uc790 \ud569\ub2c8\ub2e4.",
        "youtube_url": "https://www.youtube.com/embed/seARXM8BC-A",
        "published_datetime": "2018-07-13T10:53:34Z"
    }
},
{
    "model": "core.speaker",
    "pk": 6,
    "fields": {
        "name": "\uc870\uc9c4\uc218",
        "event": 2,
        "image": "speakers/speakers_jjs.jpg",
        "explanation": "\uc870\uc9c4\uc218 \uc548\ubb34\uac00\ub2d8\uc740 M.net \ub304\uc2f19 \uc2dc\uc98c3 , MBC \ub9c8\uc774\ub9ac\ud2c0\ud154\ub808\ube44\uc804\uc5d0 \ucd9c\uc5f0\ud558\uc168\uace0, M.net \ud79b\ub354\uc2a4\ud14c\uc774\uc9c0 \ucf58\uc149\ud2b8\uc1fc\uc5d0\uc11c \uc548\ubb34 \uc5f0\ucd9c\uacfc \ub304\uc2a4\uc804\ubb38 \ud328\ub110\uc744 \ub9e1\uc73c\uc168\ub358 BLANK / PINKY CHEEKS \uc18c\uc18d\uc758 \uc2a4\ud2b8\ub9bf\ub304\uc11c\uc774\uc790 \uc548\ubb34\uac00 \uc774\uc2ed\ub2c8\ub2e4. 2015 \ud55c\ub958 \ud799\ud569\ubb38\ud654\ub300\uc0c1 \uc778\uae30\uc0c1\uc744 \uc218\uc0c1\ud558\uc168\uace0, \ub0a8\uc790\uc758 \ubab8\uc73c\ub85c \ub0a8\uc131\uc131\uacfc \uc5ec\uc131\uc131\uc744 \ubaa8\ub450 \ud45c\ud604\ud558\ub294 \ub3c5\ucc3d\uc801\uc778 \uc608\uc220\uc801 \uac00\uce58\ub97c \ucd94\uad6c\ud558\uace0 \uacc4\uc2ed\ub2c8\ub2e4.\r\n\r\n\ub0a8\uc790\ub294 \ub0a8\uc131\uc744 \ud45c\ud604\ud558\uace0, \uc5ec\uc790\ub294 \uc5ec\uc131\uc744 \ud45c\ud604\ud558\ub294 \uac83\uc774 \uc790\uc5f0\uc2a4\ub7fd\uac8c \uc5ec\uaca8\uc9c0\ub358 \uc2dc\uae30\uac00 \uc788\uc5c8\uc2b5\ub2c8\ub2e4. \ud558\uc9c0\ub9cc \u2018\uc790\uc5f0\uc2a4\ub7fd\ub2e4\u2019\ub77c\ub294 \uc778\uc2dd \uc18d\uc5d0 \uc6b0\ub9ac\ub294 \ub0a8\uc131\uacfc \uc5ec\uc131\uc744 \uac01\uac01\uc758 \ud2c0 \uc18d\uc5d0 \uac00\ub46c\ubc84\ub9b0 \uac83\uc740 \uc544\ub2d0\uae4c\uc694? \uc5ec\uae30 \ub0a8\uc790\uc758 \ubab8\uc73c\ub85c \ub0a8\uc131\uacfc \uc5ec\uc131\uc744 \ubaa8\ub450 \ud45c\ud604\ud574\ub0b4\ub294 \ub304\uc11c\uac00 \uc788\uc2b5\ub2c8\ub2e4. \ub0a8\ub4e4\uacfc \ub2e4\ub978 \uad00\uc810\uc73c\ub85c \uc608\uc220\uc801 \uac00\uce58\uc5d0 \ub2e4\uac00\uac00\uace0, \uadf9\ubcf5\ud588\ub358 \uc81c\uc774\ube14\ub799/\uc81c\uc774\ud551\ud06c\uc758 \uacbd\ud5d8\uc744 \ud568\uaed8 \ub4e4\uc73c\uba70 \u2018\ud2c0\u2019\uc5d0 \ub300\ud55c \uc0dd\uac01\uc744 \ub098\ub20c \uc218 \uc788\ub294 \uc2dc\uac04\uc744 \uac00\uc838\ubcf4\uace0\uc790 \ud569\ub2c8\ub2e4.",
        "youtube_url": "https://www.youtube.com/embed/rcyqSp8AaE0",
        "published_datetime": "2018-07-13T10:54:25Z"
    }
},
{
    "model": "core.speaker",
    "pk": 7,
    "fields": {
        "name": "\uc815\uacc4\uc6d0",
        "event": 2,
        "image": "speakers/speakers_jgy.jpg",
        "explanation": "\uc815\uacc4\uc6d0 \uc774\uc0ac\ub2d8\uc740 \ud55c\uad6d\uc778 \ucd5c\ucd08 \uad6d\uc81c \uae30\uc5b5\ub825 \ub9c8\uc2a4\ud130 \uc790\uaca9\uc744 \ucde8\ub4dd\ud558\uc168\uace0, \uc138\uacc4\uae30\uc5b5\ub825\ub300\ud68c\uc5d0 \uad6d\uac00\ub300\ud45c\ub85c \ucd9c\uc804\ud558\uc168\uc2b5\ub2c8\ub2e4. <\uc15c\ub85d\uc758 \uae30\uc5b5\ub825\uc744 \ud6d4\uccd0\ub77c>\ub77c\ub294 \ucc45\uc744 \uc800\uc220\ud558\uc168\uc2b5\ub2c8\ub2e4. \ud55c\uad6d\uae30\uc5b5\ub825\uc2a4\ud3ec\uce20\ud611\ud68c \uc774\uc0ac\ub85c \uacc4\uc2dc\uba70 \uae30\uc5b5\ub825\uc2a4\ud3ec\uce20\uc758 \ub300\uc911\ud654\ub97c \uc704\ud574 \ud65c\ub3d9\ud558\uace0 \uacc4\uc2ed\ub2c8\ub2e4.\r\n\r\n\uc2a4\ub9c8\ud2b8\ud3f0\uacfc \ud074\ub77c\uc6b0\ub4dc\ub85c \uc218\ub9ce\uc740 \ub370\uc774\ud130\uac00 \uc313\uc774\ub294 \ud604 \uc2dc\ub300\uc5d0\uc11c, \u2018\uc800\uc7a5\u2019\uc73c\ub85c\uc11c \uc778\uac04\uc758 \u2018\uae30\uc5b5\ub825\u2019\uc740 \uadf8 \ud798\uc744 \uc783\uc5b4\uac00\uace0 \uc788\uc2b5\ub2c8\ub2e4. \uc0ac\uc2e4 \uc778\uac04\uc740 \uc788\ub294 \uadf8\ub300\ub85c \uc815\ubcf4\ub97c \uc800\uc7a5\ud558\uc9c0 \uc54a\uace0, \uacbd\ud5d8\uacfc \uc9c0\uc2dd\uc5d0 \uc601\ud5a5\uc744 \ubc1b\uc544 \ubcc0\ud615\uc2dc\ud0a4\uace0, \uc5b4\ucc98\uad6c\ub2c8 \uc5c6\ub294 \uacbd\ub85c\ub97c \ud1b5\ud574 \ub5a0\uc62c\ub9ac\uae30\ub3c4 \ud569\ub2c8\ub2e4. \uc774\ub7f0 \uc778\uac04\uc758 \ub450\ub1cc\ub97c \uc5ed\uc73c\ub85c \uc774\uc6a9\ud558\uc5ec \ub2e8 \ud55c \uc2dc\uac04\uc5d0 1000\uc790\ub9ac\uc758 \ubb34\uc791\uc704 \uc22b\uc790\ub97c \uae30\uc5b5\ud558\ub294 \uac83\uc740 \ub204\uad6c\ub098 \ud560 \uc218 \uc788\ub2e4\uace0 \uc8fc\uc7a5\ud558\ub294 \uc0ac\ub78c\uc774 \uc788\uc2b5\ub2c8\ub2e4. \uc815\uacc4\uc6d0 \uc774\uc0ac\uc758 \uac15\uc5f0\uc744 \ud1b5\ud574 \u2018\uc800\uc7a5\u2019\uc73c\ub85c\uc368\uc758 \uae30\uc5b5\ub825\uc774 \uc544\ub2cc \uc778\uac04\ub9cc\uc758 \u2018\ucc3d\uc758\uc801\u2019\uae30\uc5b5\ub825\uc744 \uc54c\uc544\ubcfc\uae4c\uc694?",
        "youtube_url": "https://www.youtube.com/embed/2bxTRRd8xVE",
        "published_datetime": "2018-07-13T10:54:58Z"
    }
},
{
    "model": "core.speaker",
    "pk": 8,
    "fields": {
        "name": "\uae40\ud615\ucca0",
        "event": 2,
        "image": "speakers/speakers_khc.jpg",
        "explanation": "\uae40\ud615\ucca0 \uad50\uc218\ub2d8\uc740 \uc5f0\uc138\ub300\ud559\uad50 \ucca0\ud559\uacfc \uad50\uc218\ub85c, \uc804\uad6d \uc778\ubb38\ud559 \ucd5c\uc6b0\uc218 \uad50\uc218\ub85c \uc120\uc815\ub418\uc168\uc2b5\ub2c8\ub2e4. \uc0bc\uc131\uacbd\uc81c\uc5f0\uad6c\uc18c \ucd5c\uc6b0\uc218 \uac15\uc0ac\ub85c \uc120\uc815\ub418\uc168\uace0, \uc778\ubb38\ud559\uc744 \ub300\uc911\ub4e4\uc5d0\uac8c \ud480\uc5b4\ub0b4\ub294 \ub370\uc5d0 \ub178\ub825\ud558\uace0 \uacc4\uc2ed\ub2c8\ub2e4.\r\n\r\n\uc0ac\ub78c\ub4e4\uc740 \uc778\ubb38\ud559\uc774 \uc911\uc694\ud558\ub2e4\uace0 \uc678\uce58\uc9c0\ub9cc, \uc778\ubb38\ud559\uacfc\uac00 \uc678\uba74 \ubc1b\ub294 \ud604 \uc2dc\ub300\uc5d0\uc11c \uc778\ubb38\ud559\uc740 \uc4f8\ubaa8 \uc5c6\ub294 \ud559\ubb38\uc77c\uae4c\uc694? \uc778\ubb38\ud559\uc740 \uc6b0\ub9ac\uc5d0\uac8c \uc5b4\ub5a4 \uc4f8\ubaa8\ub97c \uac00\uc838\ub2e4 \uc904\uae4c\uc694? \uc5ec\uae30, \u2018\uc4f8\ubaa8 \uc5c6\ub294 \uac83\uc774 \uc4f8\ubaa8 \uc788\ub294 \uac83\u2019\uc774\ub77c\uace0 \uc8fc\uc7a5\ud558\ub294 \uc0ac\ub78c\uc774 \uc788\uc2b5\ub2c8\ub2e4. \uc7a5\uc790\uc758 \u7121\u7528\u4e4b\u7528(\ubb34\uc6a9\uc9c0\uc6a9)\uc744 \ud1b5\ud574 \u2018\ud55c\uacc4\u2019\ub97c \ubc14\ub77c\ubcf4\ub294 \uad50\uc218\ub2d8\uc758 \uc544\uc774\ub514\uc5b4\ub97c \ub4e3\uace0\uc790 \ud569\ub2c8\ub2e4.",
        "youtube_url": "https://www.youtube.com/embed/0gooQI9gVoo",
        "published_datetime": "2018-07-13T10:55:32Z"
    }
},
{
    "model": "core.speaker",
    "pk": 9,
    "fields": {
        "name": "\uc815\ubbfc\uae30",
        "event": 2,
        "image": "speakers/speakers_jmg.jpg",
        "explanation": "\uc815\ubbfc\uae30 \uc791\uac00\ub2d8\uc740 \ud504\ub791\uc2a4\uc640 \uc77c\ubcf8, \ud55c\uad6d\uc744 \uc624\uac00\uba70 \uac1c\uc778\uc804\uacfc \ub2e8\uccb4\uc804\uc5d0 \ucc38\uc5ec\ud558\uace0 \uacc4\uc2ed\ub2c8\ub2e4. 2013\ub144 \uc11c\uc6b8 \uc2dc\ubbfc\uccad\uc5d0\uc11c \uc7ac\ubd09\ud2c0 \ub4dc\ub85c\uc789 \uc1fc\ub97c \ud1b5\ud574 \ud37c\ud3ec\uba3c\uc2a4 \uc1fc\ub97c \uc120\ubcf4\uc600\uc73c\uba70 2016 \uc544\ubbf8 \ubbf8\uc220\uad00 \uc785\uc8fc\uc791\uac00\ub85c \ud65c\ub3d9\ud558\uace0 \uacc4\uc2ed\ub2c8\ub2e4. \uad00\uacc4\uc640 \uc18c\ud1b5, \uacbd\ud5d8\uc5d0 \ub300\ud55c \ubc18\uc751\uacfc \uad00\ub828\ub41c \uc774\uc57c\uae30\ub4e4\uc744 \uc7ac\ubd09\ud2c0\uc744 \ub9e4\uac1c\ub85c \ud480\uc5b4\ub0b4\uace0 \uacc4\uc2ed\ub2c8\ub2e4.\r\n\r\n\ucc3d\uc758\ub825\uc758 \uae30\ubc18\uc740 \uacbd\ud5d8\uc774\uace0, \ucc3d\uc758\ub825\uc740 \ud2c0\uc744 \uae68\ub294 \ud601\uc2e0\uc744 \uac00\ub2a5\ucf00 \ud569\ub2c8\ub2e4. \uc5b4\ub5a0\ud55c \uc2dc\uc120\uc73c\ub85c \ub300\uc0c1\uc744 \ubcfc \uac83\uc778\uc9c0\uc5d0 \ub300\ud55c \uace0\ubbfc\uacfc, \ub0af\uc120 \uacbd\ud5d8\uc5d0 \ub300\ud55c \ub3c4\uc804\uc740 \uc0c8\ub85c\uc6b4 \uac00\uce58\ub97c \uc0dd\uc0b0\ud558\ub294 \uadfc\uac04\uc774 \ub429\ub2c8\ub2e4. \uadf8\ub9ac\uace0 \uc5ec\uae30\uc5d0 \uc5b4\uba38\ub2c8\uc758 \uc190\uae38\ub85c \ub3cc\uc544\uac00\ub358 \uc7ac\ubd09\ud2c0\uc744 \uc8fc\ubaa9\ud55c \uc0ac\ub78c\uc774 \uc788\uc2b5\ub2c8\ub2e4. \uc7ac\ubd09\ud2c0\uc744 \ub4dc\ub85c\uc789 \u2018\ud234\u2019\ub85c \ubc14\ub77c\ubcf4\uace0 \uc2e4\ud5d8\ud558\uba70, \uba4b\uc9c4 \uc0b6\uc744 \uadf8\ub824 \ub098\uac00\ub294 \uc815\ubbfc\uae30 \uc791\uac00\ub2d8\uc758 \uc774\uc57c\uae30\ub97c \uc791\ud488\uc73c\ub85c \ub9cc\ub098 \ubcfc\uae4c\uc694?",
        "youtube_url": "https://www.youtube.com/embed/xkuIx_UQfas",
        "published_datetime": "2018-07-13T10:56:04Z"
    }
},
{
    "model": "core.speaker",
    "pk": 10,
    "fields": {
        "name": "\uae40\ucd08\uc5fd",
        "event": 2,
        "image": "speakers/speakers_kcy.jpg",
        "explanation": "\uae40\ucd08\uc5fd \uc5f0\uc0ac\ub2d8\uc740 \ud55c\uad6d\uc608\uc220\uc885\ud569\ud559\uad50, POSTECH, APCTP(\uc544-\ud0dc \uc774\ub860\ubb3c\ub9ac\ud559 \uc5f0\uad6c\uc13c\ud130)\ub4f1\uc5d0\uc11c \uacfc\ud559\uce7c\ub7fc\uacfc SF \uc911\ud3b8\uc18c\uc124\uc744 \uc5f0\uc7ac\ud558\uc168\uace0, 2014\ub144\ubd80\ud130 \ubcf8\uad50 \uacfc\ud559\ucca0\ud559 \ubc0f \uacfc\ud559\uae30\uc220\ud559 \uc138\ubbf8\ub098 <\uc0dd\uac01\ubaa8\uc784> \uc758 \ub300\ud45c\ub97c \ub9e1\uace0 \uacc4\uc2ed\ub2c8\ub2e4. \uccad\uac01 \uc7a5\uc560\ub97c \uac16\uace0 \uacc4\uc2ec\uc5d0\ub3c4 2015\ub144 \ub300\ud55c\ubbfc\uad6d\uc778\uc7ac\uc0c1, 2016\ub144 \ubb34\uc740\uc7ac\uc0c1\uc744 \uc218\uc0c1\ud558\uc168\uace0 \ud604\uc7ac \ubcf8\uad50 \ubc14\uc774\uc624\uc13c\uc11c \ubc0f \uad6c\uc870\uc0dd\ubb3c\ud559 \uc5f0\uad6c\uc2e4 \uc11d\uc0ac \uacfc\uc815\uc744 \ubc1f\uace0 \uacc4\uc2ed\ub2c8\ub2e4.\r\n\r\n'\ud55c\uacc4\ub97c \uadf9\ubcf5\ud558\ub2e4' \uac19\uc740 \ub9d0\uc744 \ub4e4\uc744 \ub54c \uc0ac\ub78c\ub4e4\uc740 \ud754\ud788 \uac1c\uc778\uc774 \ub178\ub825\ud574\uc11c \uc7a5\ubcbd\uc744 \ub118\uc5b4\uc120 \uc5ed\uacbd \uadf9\ubcf5\uc758 \uc11c\uc0ac\ub97c \ub5a0\uc62c\ub9bd\ub2c8\ub2e4. \ud558\uc9c0\ub9cc \uc0ac\ud68c\uc801\uc73c\ub85c \uc774\ub7ec\ud55c '\ud55c\uacc4\ub97c \uadf9\ubcf5\ud55c \uacbd\ud5d8\ub4e4'\uc774 \uc870\uba85\ub418\ub294 \uac83\uc774 \uae0d\uc815\uc801\uc774\uae30\ub9cc \ud55c \ud604\uc0c1\uc778 \uac78\uae4c\uc694? '\uc5ed\uacbd\uc744 \uadf9\ubcf5\ud55c \ubbf8\ub2f4\uc758 \uc8fc\uc778\uacf5'\uc73c\ub85c \uc0b4\uc544\uc654\ub358 \uc5f0\uc0ac\ub2d8\uc758 \uacbd\ud5d8\uc73c\ub85c\ubd80\ud130 \uc5ed\uacbd \uadf9\ubcf5 \uc2a4\ud1a0\ub9ac\uc758 \ud5c8\uc0c1\uc744 \uc9c0\uc801\ud558\uace0, \uac1c\uc778\ub4e4\uc774 \ud55c\uacc4\ub97c \uadf9\ubcf5\ud558\ub294 \ub178\ub825\ub4e4\uc744 \uc870\uba85\ud558\ub294 \uac83\uc744 \ub118\uc5b4\uc11c\uc11c, \uc0ac\ud68c \uc804\uccb4\uac00 \ud55c\uacc4\uc758 \uacbd\uacc4\uc120\uc744 \ud655\uc7a5\ud574\ub098\uac00\uc57c \ud55c\ub2e4\ub294 \uc544\uc774\ub514\uc5b4\ub97c \ud568\uaed8 \ub098\ub204\uace0\uc790 \ud569\ub2c8\ub2e4.",
        "youtube_url": "https://www.youtube.com/embed/hYBH9DNYKWU",
        "published_datetime": "2018-07-13T10:56:38Z"
    }
},
{
    "model": "core.speaker",
    "pk": 11,
    "fields": {
        "name": "\uae40\uc9c4\ud0dd",
        "event": 3,
        "image": "speakers/speakers_kjt.png",
        "explanation": "POSTECH \ucc3d\uc758IT\uc735\ud569\uacf5\ud559\uacfc\uc758 \uae40\uc9c4\ud0dd \uad50\uc218\ub2d8\uc740 \ucca0\ud559\uacfc \uc774\ubbf8\uc9c0, \ub9e4\uccb4\ubbf8\ud559\uc744 \uc804\uacf5\ud558\uc2dc\uace0 \ud30c\ub9ac 1\ub300\ud559(\ud321\ud14c\uc639 \uc18c\ub974\ubcf8 \ub300\ud559)\uc5d0\uc11c \ubc15\uc0ac\ud559\uc704\ub97c \ubc1b\uc73c\uc168\uc2b5\ub2c8\ub2e4. \ud56d\uc0c1 \ubab8\uacfc \uac10\uac01\uc744 \uc911\uc2ec\uc73c\ub85c \uc0ac\uc720\ud558\uc2dc\uba70, \uc774\ubbf8\uc9c0\uc640 \ubbf8\ub514\uc5b4 \uc544\ud2b8, \ud2b8\ub79c\uc2a4\ud734\uba3c\uc744 \uc8fc\ub85c \uc5f0\uad6c\ud558\uace0 \uacc4\uc2ed\ub2c8\ub2e4.\r\n\r\n\uc778\uac04\uacfc \uae30\uc220\uc740 \ud56d\uc0c1 \uc11c\ub85c \uc0c1\ud638\uc791\uc6a9\ud558\uba70 \uc9c4\ud654\ud574\uc654\uc2b5\ub2c8\ub2e4. \uc774\uc81c \uc778\ub958\ub294 \uae30\uc220\uc744 \uc5b4\ub5bb\uac8c \uc774\ud574\ud558\uace0 \ub300\uba74\ud560 \uac74\uc778\uc9c0\uc5d0 \ub300\ud574 \uace0\ubbfc\ud558\ub294 \uc911\ub300\ud55c \uc2dc\uc810\uc5d0 \uc788\uc2b5\ub2c8\ub2e4. \uacfc\uc5f0 \uacf5\ud559\uc801 \uae30\uc220\uc740 \ub3c4\uad6c\uc801\uc778 \ud6a8\uc728\uc131\ub9cc\uc744 \ucd94\uad6c\ud558\ub294 \uac83\uc77c\uae4c\uc694? \uc6b0\ub9ac\ub294 \uae30\uc220\uc744 \uc5b4\ub5bb\uac8c \uc774\ud574\ud574\uc57c \ud560\uae4c\uc694? \uc774\ubc88 \uac15\uc5f0\uc5d0\uc11c\ub294 \uc778\uac04\uc758 \uae30\uc5b5\uacfc \ub9e4\uccb4\ub77c\ub294 \uac1c\ub150\uacfc \uc131\uc7a5\ud1b5\uc744 \uacaa\ub294 \uc778\uac04\uc758 \uac1c\ub150\uc744 \ud1b5\ud574 \uae30\uc220, \uc778\uac04, \uc0ac\ud68c, \uadf8\ub9ac\uace0 \ubb38\ud654\uc5d0 \ub300\ud574 \ud1b5\ucc30\ud558\ub294 \uc2dc\uac04\uc744 \uac00\uc838\ubcf4\uace0\uc790 \ud569\ub2c8\ub2e4.",
        "youtube_url": "https://www.youtube.com/embed/YuPEmhhNEPQ",
        "published_datetime": "2018-07-13T12:01:30Z"
    }
},
{
    "model": "core.speaker",
    "pk": 12,
    "fields": {
        "name": "\ucd5c\uc11c\uc724",
        "event": 3,
        "image": "speakers/speakers_csy.jpg",
        "explanation": "\ucd5c\uc11c\uc724 \uc789\uc9d1\uc7a5\ub2d8\uc740 <\uc6d4\uac04\uc789\uc5ec>\uc758 \ud3b8\uc9d1\uc7a5\uc73c\ub85c \ud65c\ub3d9\ud558\uace0 \uacc4\uc2ed\ub2c8\ub2e4. \ub610\ud55c \ud55c\uaca8\ub80821, \uc2dc\uc0ac\uc778, \ud55c\uad6d\uc77c\ubcf4, \ubbf8\ub514\uc5b4 \uc624\ub298\uc758 \ud544\uc9c4\uc73c\ub85c \ucc38\uc5ec\ud558\uc168\uc2b5\ub2c8\ub2e4. \ucea0\ud37c\uc2a4\uc528\ub12421\uc5d0\uc11c\ub294 <\ub0b4 \uce5c\uad6c\uc758 \uc790\ucde8\uc9d1\uc740 \uc5b4\ub514\uc778\uac00>\ub97c \uc5f0\uc7ac\ud558\uc168\uace0, \uc628\ub77c\uc778 \ucee4\ubba4\ub2c8\ud2f0\uc778 \uc5ec\uc789\ucd94\uc640 \ud398\uc774\uc2a4\ubd81 \ud398\uc774\uc9c0 \uac70\uc798\uc798\ubc1b\ub97c \uc6b4\uc601\ud558\uace0 \uacc4\uc2ed\ub2c8\ub2e4.\r\n\r\n\uba85\ud655\ud55c \uc815\uccb4\uc131\uc744 \uac00\uc9c4, '\uc4f8\ubaa8'\ub97c \uc99d\uba85\ud558\ub294 \uc774\ub4e4\uc744 \uc694\uad6c\ud558\ub294 \ud604\uc7ac\uc758 \uc2dc\uc2a4\ud15c \uc18d\uc5d0\uc11c, \uadf8\uc5d0 \ud574\ub2f9\ud558\uc9c0 \uc54a\ub294 '\uc789\uc5ec' \ub294 \ud658\uc601\ubc1b\uc9c0 \ubabb\ud569\ub2c8\ub2e4. \uc789\uc5ec\uc758, \uc789\uc5ec\uc5d0 \uc758\ud55c, \uc789\uc5ec\ub97c \uc704\ud55c \uc7a1\uc9c0 <\uc6d4\uac04\uc789\uc5ec> \ub610\ud55c \ub9c8\ucc2c\uac00\uc9c0\uc785\ub2c8\ub2e4. \uc5b8\ub860\uacfc \ubb38\ud654\uc608\uc220\uc758 \uacbd\uacc4\uc5d0\uc11c \ubaa8\ud638\ud55c \uc815\uccb4\uc131\uc744 \uac00\uc9c0\ub294 \uc774 \uc7a1\uc9c0\uac00 '\uc0dd\uc874'\ud558\uae30 \uc704\ud574\uc11c \uadf8 \ub3d9\uc548 \uc5b4\ub5a4 \uc2dc\ub3c4\ub97c \ud574\uc654\uc744\uae4c\uc694? \uc5b4\uca4c\uba74 \uc138\uc0c1\uacfc\uc758 \uc5f0\uacb0\uace0\ub9ac\uac00 \uadf8 \ub2f5\uc774 \ub420 \uc218 \uc788\uc744\uae4c\uc694? \uc774\ubc88 \uac15\uc5f0\uc5d0\uc11c\ub294 \ucd5c\uc11c\uc724 \uc789\uc9d1\uc7a5\ub2d8\uc758 \uc774\ub7f0 \uace0\ubbfc\uacfc, \uadf8 \uacb0\ub860\uc73c\ub85c \ub3c4\ucd9c\ub41c \ud504\ub85c\uc81d\ud2b8 \ub4e4\uc744 \uc18c\uac1c\ud569\ub2c8\ub2e4.",
        "youtube_url": "https://www.youtube.com/embed/NORbePuj0vI",
        "published_datetime": "2018-07-13T12:02:05Z"
    }
},
{
    "model": "core.speaker",
    "pk": 13,
    "fields": {
        "name": "\ubc15\uc131\uc9c4",
        "event": 3,
        "image": "speakers/speakers_psj.png",
        "explanation": "POSTECH \uae30\uacc4\uacf5\ud559\uacfc \ubc15\uc131\uc9c4 \uad50\uc218\ub2d8\uc740 \ubcf8\uad50 1\ud68c \uc218\uc11d\uc878\uc5c5 \ud6c4 \ud559\uacc4, \uc0b0\uc5c5\uacc4\uc5d0\uc11c \ud65c\ubc1c\ud55c \ud65c\ub3d9\uc744 \ud3bc\uce58\ub2e4 2009\ub144 \ubcf8\uad50\uc5d0 \ubd80\uc784\ud558\uc168\uc2b5\ub2c8\ub2e4. \ud604\uc7ac \ubbf8\uc138\ubd84\ub9d0 \uc0ac\ucd9c\uc131\ud615\uc758 \uc751\uc6a9\uacfc \uc774\uc640 \uad00\ub828\ud55c \uc2dc\ubbac\ub808\uc774\uc158 \uc5f0\uad6c\ub97c \uc9c4\ud589 \uc911\uc774\uc2dc\uba70, \ud3ec\uc2a4\ud14d \uae30\uc220\uc9c0\uc8fc\ud68c\uc0ac\uc758 CEO\uc774\uc2dc\uae30\ub3c4 \ud569\ub2c8\ub2e4.\r\n\r\n\uc55e\uc73c\ub85c\uc758 \uc778\uc0dd\uc5d0 \ub9c9\ub9c9\ud568\uc744 \ub290\uaef4\ubcf4\uc2e0 \uc801\uc774 \uc788\ub098\uc694? \ub300\ud559\uc744 \uc878\uc5c5\ud558\uba74 \ubb34\uc5c7\uc744 \ud558\uace0 \uc0b4\uc544\uac00\uc57c \ud560\uae4c\uc694? \ubc15\uc131\uc9c4 \uad50\uc218\ub2d8\uc740 \uc774\ubc88 \uac15\uc5f0\uc5d0\uc11c \uc6b0\ub9ac\uac00 \uc790\uc2e0\uc758 \uae38\uc744 \uc2a4\uc2a4\ub85c \ub9cc\ub4e4\uc5b4 \uac08 \uc218 \uc788\ub3c4\ub85d \uac00\uc774\ub4dc\ub77c\uc778\uc744 \uc81c\uc2dc\ud574 \uc8fc\uc2dc\uace0\uc790 \ud569\ub2c8\ub2e4. \ub098\uc758 \uae38\uc744 \uc120\ud0dd\ud560 \ub54c\ub294 \uc5b4\ub5a4 \uc694\uc18c\ub97c \uace0\ub824\ud574\uc57c \ud558\ub294\uc9c0, \ub098\uc758 \uc815\uccb4\uc131\uacfc \ube44\uc804\uc744 \uac00\uc9c0\ub294 \uac83\uc774 \uc65c \uc911\uc694\ud55c\uc9c0, \uae0d\uc815\uc801\uc778 \uc815\uccb4\uc131\uc744 \ud0a4\uc6b0\uae30 \uc704\ud55c \ubc29\ubc95\uc5d0\ub294 \uc5b4\ub5a4 \uac83\uc774 \uc788\ub294\uc9c0, \uc6b0\ub9ac \ubaa8\ub450\uac00 \uac16\uace0 \uc788\ub294 \uace0\ubbfc\uc5d0 \ub300\ud574 \uc120\ubc30\ub2d8\uc758 \uc774\uc57c\uae30\ub97c \ub4e4\uc5b4\ubcf4\ub294 \uac83\uc740 \uc5b4\ub5a8\uae4c\uc694?",
        "youtube_url": "https://www.youtube.com/embed/UiT66Z5w888",
        "published_datetime": "2018-07-13T12:02:35Z"
    }
},
{
    "model": "core.speaker",
    "pk": 14,
    "fields": {
        "name": "\ud669\uc7ac\ucc2c",
        "event": 3,
        "image": "speakers/speakers_hjc.jpg",
        "explanation": "\ud669\uc7ac\ucc2c \uad50\uc218\ub2d8\uc740 \uc11c\uc6b8\ub300\ud559\uad50 \ucc9c\ubb38\ud559\uacfc\ub97c \uc878\uc5c5\ud558\uc2dc\uace0, \ud14d\uc0ac\uc2a4 \ub300\ud559\uc5d0\uc11c \ucc9c\ubb38\ud559 \ubc15\uc0ac\ud559\uc704\ub97c \ubc1b\uc73c\uc168\uc2b5\ub2c8\ub2e4. \uad50\uc218\ub2d8\uaed8\uc11c\ub294 \ud604\uc7ac \uacbd\ubd81\ub300\ud559\uad50 \ucc9c\ubb38\ub300\uae30\uacfc\ud559\uacfc \uad50\uc218\ub85c \uc7ac\uc9c1\ud558\uace0 \uacc4\uc2dc\uba70, \uc6b0\uc8fc\ub860, \uc6b0\uc8fc\uc0dd\ubb3c\ud559\uacfc \uc778\uac04\uc758 \ubbf8\ub798\uc5d0 \ub300\ud574 \uc8fc\ub85c \uad00\uc2ec\uc744 \uac00\uc9c0\uace0 \uacc4\uc2ed\ub2c8\ub2e4.\r\n\r\n\uc6b0\ub9ac\ub294 \uc65c \uc6b0\uc8fc\ub97c \ud0d0\uad6c\ud558\ub294 \uac83\uc77c\uae4c\uc694? \ud669\uc7ac\ucc2c \uad50\uc218\ub2d8\uc740 \uc774 \uc9c8\ubb38\uc5d0 \ub2f5\ud558\uae30 \uc704\ud574 \uba3c\uc800 \ucc9c\ubb38\ud559\uc758 \ud0d0\uad6c \ubc29\uc2dd\uc778 '\uacfc\ud559'\uc5d0 \ub300\ud574 \uc54c\uc544\uc57c \ud55c\ub2e4\uace0 \ud558\uc2ed\ub2c8\ub2e4. \uc0ac\uc2e4 \uacfc\ud559\uc774 \ucc44\ud0dd\ud55c \ud0d0\uad6c \ubc29\uc2dd\uc740 \uc790\uc5f0\uacfc\ub294 \uac70\ub9ac\uac00 \uba3c, \uc624\ud788\ub824 \uc778\uac04\uc758 \uc695\ub9dd\uc774 \ubc18\uc601\ub41c \ubc29\uc2dd\uc5d0 \uac00\uae5d\uc2b5\ub2c8\ub2e4. \uadf8\ub807\ub2e4\uba74 \uc6b0\ub9ac\ub294 \uc774\ub7f0 \ud504\ub85c\ud06c\ub8e8\uc2a4\ud14c\uc2a4 \ubc29\uc2dd\uc73c\ub85c \uc790\uc5f0\uc744 \uc7ac\ub2e8\ud558\uace0 \uc624\ud574\ud558\uace0 \uc788\ub294 \uac83\uc740 \uc544\ub2d0\uae4c\uc694? \uc774\ubc88 \ud669\uc7ac\ucc2c \uad50\uc218\ub2d8\uc758 \uac15\uc5f0\uc744 \ud1b5\ud574 \uc6b0\ub9ac\ub294 \uacfc\ud559\uc758 '\ubcf4\uc774\uc9c0 \uc54a\ub294 \ubaa9\uc801'\uc5d0 \ub300\ud55c \uc9c4\uc2e4\uc744 \uc0b4\ud3b4\ubcf4\uace0\uc790 \ud569\ub2c8\ub2e4.",
        "youtube_url": "https://www.youtube.com/embed/DN6vZSxToSY",
        "published_datetime": "2018-07-13T12:03:03Z"
    }
},
{
    "model": "core.speaker",
    "pk": 15,
    "fields": {
        "name": "\uc774\uc2b9\uc6b0",
        "event": 3,
        "image": "speakers/speakers_lsw.jpg",
        "explanation": "POSTECH \uc735\ud569\uc0dd\uba85\uacf5\ud559\ubd80 \uc774\uc2b9\uc6b0 \uad50\uc218\ub2d8\uc740 POSTECH \uc0dd\uba85\uacfc\ud559\uacfc\uc5d0\uc11c \ud559\uc0ac, \uc11d\uc0ac, \ubc15\uc0ac\ub97c \ub9c8\uce58\uc168\uc2b5\ub2c8\ub2e4. \uc878\uc5c5 \ud6c4 \ubbf8\uad6d \ub77c\ud638\uc57c \uba74\uc5ed\ud559 \uc5f0\uad6c\uc18c \uc5f0\uad6c\uc6d0\uc73c\ub85c \uacc4\uc2dc\ub2e4 2013\ub144 POSTECH\uc5d0 \ubd80\uc784\ud558\uc168\uc2b5\ub2c8\ub2e4. \ud604\uc7ac \uc6b0\ub9ac \ubab8\uc758 \uba74\uc5ed\uccb4\uacc4\ub97c \uc774\uc6a9\ud55c \uc554 \uce58\ub8cc \uad00\ub828 \uc5f0\uad6c\ub97c \ud558\uace0 \uacc4\uc2ed\ub2c8\ub2e4.\r\n\r\n\ud3c9\uade0\uc218\uba85 100\uc138 \uc2dc\ub300\ub97c \uc55e\ub450\uace0 \uc788\ub294 \ud604 \uc2dc\uc810\uc5d0, \uc6b0\ub9ac \uc0ac\ud68c\uac00 \uc9c1\uba74\ud55c \uac00\uc7a5 \uc2ec\uac01\ud55c \uc9c8\ubcd1\uc740 \uc554\uc785\ub2c8\ub2e4. \uc55e\uc73c\ub85c \uac70\uc758 2\uba85 \uc911 \ud55c\uba85\uc774 \uc554\uc73c\ub85c \uc0ac\ub9dd\ud560 \uac83\uc774\ub77c\ub294 \uc804\ub9dd\uc774 \ub098\uc624\uace0 \uc788\ub294\ub370\uc694. \ud788\ud3ec\ud06c\ub77c\ud14c\uc2a4\uac00 '\uc0dd\uba85\uccb4\uac00 \uc2a4\uc2a4\ub85c \uac16\uace0 \uc788\ub294 \uce58\uc720\ub825'\uc774\ub77c\uace0 \ud55c '\uba74\uc5ed\ub825'\uc744 \ud1b5\ud574\uc11c \uc554\uc744 \uadf9\ubcf5\ud560 \uc218\ub3c4 \uc788\uc744\uae4c\uc694? \ud56d\uc554\uba74\uc5ed\uce58\ub8cc\ub294 \ucd5c\uadfc \ubca4\ucc98\uae30\uc5c5\uc774 \uc5ec\ub7ff \uc0dd\uae30\uace0 \uc784\uc0c1\uc2e4\ud5d8\uc774 \uc9c4\ud589\ub418\ub294 \ub4f1 \uc0dd\uba85\uacfc\ud559\uacc4\uc5d0\uc11c \uac00\uc7a5 \ud56b\ud55c \ubd84\uc57c\uc785\ub2c8\ub2e4. \uc774\ubc88 \uac15\uc5f0\uc5d0\uc11c\ub294 \uc774\uc2b9\uc6b0 \uad50\uc218\ub2d8\uaed8 \ud56d\uc554\uba74\uc5ed\uce58\ub8cc\uc758 \uac00\ub2a5\uc131\uc5d0 \ub300\ud574 \ub4e4\uc5b4\ubd05\ub2c8\ub2e4.",
        "youtube_url": "https://www.youtube.com/embed/ZuxWdvdKJMM",
        "published_datetime": "2018-07-13T12:03:20Z"
    }
},
{
    "model": "core.speaker",
    "pk": 16,
    "fields": {
        "name": "\ubc15\uc815\ud604",
        "event": 3,
        "image": "speakers/speakers_pjh.jpg",
        "explanation": "\uac00\uc218 \ubc15\uc815\ud604\ub2d8\uc740 98\ub144 1\uc9d1 \uc568\ubc94 \"Piece\"\ub85c \ub370\ubdd4\ud55c \uc774\ub798 \ud604\uc7ac\uae4c\uc9c0 \u201c\uafc8\uc5d0\u201d, \u201c\ubbf8\uc7a5\uc6d0\uc5d0\uc11c\u201d, \u201c\ud3b8\uc9c0\ud560\uac8c\uc694\u201d \ub4f1\uc758 \uace1\uc744 \ud3ec\ud568\ud55c \uc5ec\ub35f \uc7a5\uc758 \uc815\uaddc \uc568\ubc94\uc744 \ubc1c\ud45c\ud558\uba70 \ub300\ud55c\ubbfc\uad6d \ub300\ud45c \ub514\ubc14\ub85c \ud65c\ub3d9\ud558\uace0 \uacc4\uc2ed\ub2c8\ub2e4. \uceec\ub7fc\ube44\uc544 \ub300\ud559\uc744 \uc878\uc5c5\ud55c \uc774\ud6c4, \ub2e4\uc2dc \uac00\uc218 \ud65c\ub3d9\uc5d0 \ubc15\ucc28\ub97c \uac00\ud558\uc5ec \u201c\ub098\ub294 \uac00\uc218\ub2e4\u201d\ub97c \ud1b5\ud574 \u2018\uad6d\ubbfc\uc694\uc815\u2019\uc774\ub77c\ub294 \ubcc4\uce6d\uc744 \uc5bb\uc73c\uba70 \uc804\uad6d\ubbfc\uc801\uc778 \uc0ac\ub791\uc744 \ubc1b\uace0 \uc788\uc2b5\ub2c8\ub2e4.\r\n\r\n\uac00\uc218\ub294 \ub178\ub798\ud560 \ub54c, \uac00\uc0ac\uc640 \uba5c\ub85c\ub514\ubfd0 \uc544\ub2c8\ub77c \ub178\ub798\uc5d0 \ub2f4\uae34 \uc774\uc57c\uae30\uc640 \uac10\uc815\uc744 \uc804\ub2ec\ud569\ub2c8\ub2e4. \ud558\uc9c0\ub9cc \ubbf8\uad6d\uc5d0\uc11c \ud0dc\uc5b4\ub098\uace0 \uc790\ub780 \ubc15\uc815\ud604\ub2d8\uc5d0\uac8c \ud55c\uad6d\uc5b4\ub85c \ub41c \ub178\ub798 \uc18d\uc758 \uc774\uc57c\uae30\ub97c \uc628\uc804\ud788 \uc774\ud574\ud558\ub294 \uac83\uc740 \uc5b4\ub824\uc6b4 \uc77c\uc774\uc5c8\ub294\ub370\uc694. \uc774\ub97c \uadf9\ubcf5\ud558\uae30 \uc704\ud574 \uace0\uc548\ud55c \ubc29\ubc95\uc740 \ub178\ub798\ub97c \ud558\ub098\uc758 '\uc778\uaca9\uccb4'\ub85c \ub300\ud558\ub294 \uac83\uc774\uc5c8\uc2b5\ub2c8\ub2e4. \ub9cc\ub098\uc11c, \ub9d0\uc744 \uac78\uace0, \ub300\ud654\ub97c \ub098\ub204\uba70 \ucc28\uadfc\ucc28\uadfc \uc54c\uc544\uac00\uc57c \ud560 \uc874\uc7ac\ub85c \uc5ec\uae30\ub294 \uac83\uc774\uc8e0. \ubc15\uc815\ud604\ub2d8\uc740 \uc774\ubc88 \uac15\uc5f0\uc5d0\uc11c, \uc774 \ubc29\ubc95\uc774 \uc2e4\uc81c\ub85c \uc5b4\ub5a4 \ub178\ub798\uc5d0 \uc5b4\ub5bb\uac8c \uc801\uc6a9\ub418\uc5c8\ub294\uc9c0\ub3c4 \ud568\uaed8 \uc18c\uac1c\ud574\uc8fc\uc2e4 \uc608\uc815\uc785\ub2c8\ub2e4. \uac00\uc218\uac00 \ub290\ub07c\ub294 \uace0\ubbfc\uacfc \uadf8 \ud574\uacb0\uacfc\uc815\uc744 \ud568\uaed8 \uacbd\ud5d8\ud574\ubcf4\ub294 \uac83\uc740 \uc5b4\ub5a8\uae4c\uc694?",
        "youtube_url": "https://www.youtube.com/embed/iNfPPBD5MuA",
        "published_datetime": "2018-07-13T12:03:49Z"
    }
},
{
    "model": "core.speaker",
    "pk": 17,
    "fields": {
        "name": "\uc1a1\ud638\uc900",
        "event": 4,
        "image": "speakers/speakers_shj.jpg",
        "explanation": "\uc1a1\ud638\uc900 \uc791\uac00\ub2d8\uc740 \uace0\ub824\ub300 \uc804\uae30\uc804\uc790\uc804\ud30c\uacf5\ud559\ubd80\ub97c \uc878\uc5c5\ud55c \ubbf8\ub514\uc5b4\uc544\ud2b8 \uc791\uac00\ub85c, \ucd08\ucc3d\uae30\uc5d0\ub294 \ubbf8\ub514\uc5b4\uc544\ud2b8\uc640 \uad00\ub828\ub41c \uc791\ud488\uc744 \uc120\ubcf4\uc600\uc2b5\ub2c8\ub2e4. \uc774\ud6c4, \ub300\uc804\uc5d0 \uc788\ub294 \uc6b0\uc8fc\ud56d\uacf5 \uc804\ubb38\uae30\uc5c5 \u201c\uc384\ud2b8\ub809\uc544\uc774\u2019\uc5d0\uc11c 1\ub144 \ub0a8\uc9d3 \uc778\ud134\uc744 \ud558\uc168\uace0, 2013\ub144 4\uc6d4 19\uc77c \uce74\uc790\ud750\uc2a4\ud0c4 \ubc1c\uc0ac\uae30\uc9c0\uc5d0\uc11c \uac00\ub85c 10cm, \uc138\ub85c 10cm\uc758 \uc870\uadf8\ub9c8\ud55c \uac1c\uc778\uc704\uc131\uc744 \uc3d8\uc544 \uc62c\ub838\uc2b5\ub2c8\ub2e4. \uc704\uc131\uc744 \uc81c\uc791\ud558\ub294 \ub370 \ud544\uc694\ud55c \uc124\uacc4\ub3c4\ub97c \uacf5\uac1c\ud558\uba70, \uacfc\ud559\uc758 \ub300\uc911\ud654\ub97c \uc774\ub04c\uace0 \uacc4\uc2ed\ub2c8\ub2e4.\r\n\r\n\ud558\uace0 \uc2f6\uc740 \ub300\ub85c \ud574\ubcf8 \uc801 \uc788\ub098\uc694? \uc5ec\uae30, \ubc24\ud558\ub298\uc5d0 \ub098\ub9cc\uc758 \ubcc4\uc744 \uac16\uace0 \uc2f6\ub2e4\uace0 \uc0dd\uac01\ud55c \uc0ac\ub78c\uc774 \uc788\uc2b5\ub2c8\ub2e4. \uc1a1\ud638\uc900 \uc791\uac00\ub2d8\uc740 \u2018\uac1c\uc778\uc740 \uc778\uacf5\uc704\uc131\uc744 \uc3e0 \uc218 \uc5c6\uc744\uae4c?\u2019\ub77c\ub294 \ubb3c\uc74c\uc744 \ubc14\ud0d5\uc73c\ub85c \uc624\ud508 \uc18c\uc2a4 \uc778\uacf5\uc704\uc131 \ud504\ub85c\uc81d\ud2b8\ub97c \uc9c4\ud589\ud558\uace0 \uacc4\uc2ed\ub2c8\ub2e4. \uc811\uadfc\ud558\uae30 \ud798\ub4e0 \uc778\uacf5\uc704\uc131 \ubc1c\uc0ac \uacfc\uc815\uc744 \uc624\ud508\uc18c\uc2a4\ub85c \uc81c\uacf5\ud558\ub294 \uc791\uac00\ub2d8\uc740, \u2018\ubb34\uc5b8\uac00 \uc774\ub8e8\uaca0\ub2e4\uace0 \uc815\ud574\ub193\uc9c0 \ub9c8\uc138\uc694. \uc790\uae30\uac00 \ud558\uace0 \uc2f6\uc740 \uac83, \uc7ac\ubbf8\uc788\ub294 \uac83\uc744 \uba3c\uc800 \ucc3e\uc544\uc11c \uc2dc\uc791\ud574 \ubcf4\uc138\uc694\u2019 \ub77c\uace0 \ub9d0\ud569\ub2c8\ub2e4. \u2018Doer\u2019 \uc1a1\ud638\uc900\uc758 \uc774\uc57c\uae30, \ub2e4 \ud568\uaed8 \ub098\ub220\ubcfc\uae4c\uc694?",
        "youtube_url": null,
        "published_datetime": "2018-07-13T12:23:21Z"
    }
},
{
    "model": "core.speaker",
    "pk": 18,
    "fields": {
        "name": "\ud604\uc7ac\ud638",
        "event": 4,
        "image": "speakers/speakers_hjh.jpg",
        "explanation": "\ud604\uc7ac\ud638 \uc774\uc0ac\ub2d8\uc740, 1992\ub144 \ud55c\uad6d\uacfc\ud559\uae30\uc220\uc6d0\uc5d0\uc11c \uacbd\uc601\uacfc\ud559 \ubc15\uc0ac\ub97c \ubc1b\uc73c\uc2e0 \uc774\ud6c4 \uacfc\ud559\uae30\uc220\uc815\ucc45\uc5f0\uad6c\uc18c \uc5f0\uad6c\uac1c\ubc1c\uc815\ucc45\uc2e4\uc7a5, \uacfc\ud559\uae30\uc220\ud3c9\uac00\uc6d0 \uc5f0\uad6c\uc704\uc6d0, \u321c\uae30\uc220\uacfc\uac00\uce58 \uacf5\ub3d9\ub300\ud45c\uc774\uc0ac\uc9c1\uc744 \uac70\uccd0 \u321c\ud14c\ud06c\ub178\ubca0\uc774\uc158\ud30c\ud2b8\ub108\uc2a4 \ub300\ud45c\uc774\uc0ac\ub85c \ud65c\ub3d9\ud558\uace0 \uacc4\uc2ed\ub2c8\ub2e4. \ucc3d\uc870\uc801\uc774\uba70 \uc7ac\ub2a5 \uc788\ub294 \uc778\ub825\uc744 \ubc1c\uad74\ud558\uc5ec \ucd5c\uace0\uc758 \uae30\uc220\uacbd\uc601 \uc804\ubb38\ucee8\uc124\ud134\ud2b8\ub85c \ud0a4\uc6b0\ub294 \uac83\uc744 \ucd94\uad6c\ud558\uace0 \uacc4\uc2ed\ub2c8\ub2e4.\r\n\r\n\ubaa8\ub450\uac00 \ucc3d\uc870\uc640 \ud601\uc2e0\uc744 \uc678\uce58\ub294 \uc2dc\ub300, \ucc3d\uc870\uc801 \ud601\uc2e0\uc740 \uac00\uc7a5 \uc62c\ubc14\ub978 \ub2f5\uc73c\ub85c \uc5ec\uaca8\uc9c0\uace4 \ud569\ub2c8\ub2e4. \ud558\uc9c0\ub9cc \uc6b0\ub9ac\ub294 \uc62c\ubc14\ub978 \ub2f5\uc744 \ud5a5\ud574 \ub098\uc544\uac00\uace0 \uc788\uc744\uae4c\uc694? \ucc3d\uc870\uc801 \ud601\uc2e0\uc740 \uc5b4\ub5bb\uac8c \ud558\ub294 \uac83\uc77c\uae4c\uc694? \ud604\uc7ac\ud638 \uc774\uc0ac\ub2d8\uaed8\uc11c\ub294, \ucc3d\uc870\uc801 \uc804\ub7b5\uc744 \uc218\ub9bd\ud558\uae30 \uc704\ud574\uc11c\ub294 \uba87 \uac00\uc9c0 \uc694\uc18c\uac00 \ud544\uc694\ud558\ub2e4\uace0 \ub9d0\uc500\ud558\uc2ed\ub2c8\ub2e4. \uc774\uacf5\uacc4 \ud559\uc0dd\ub4e4\uc5d0\uac8c \uc804\ud558\ub294 \ucc3d\uc870\uc801 \ud601\uc2e0\uc758 \uc5f4\uc1e0, \uc9c0\uae08 \ud568\uaed8 \ub9cc\ub098\ubcfc\uae4c\uc694?",
        "youtube_url": null,
        "published_datetime": "2018-07-13T12:23:55Z"
    }
},
{
    "model": "core.speaker",
    "pk": 19,
    "fields": {
        "name": "\uc548\uc601\uc77c",
        "event": 4,
        "image": "speakers/speakers_ayi.png",
        "explanation": "\uc548\uc601\uc77c \ub300\ud45c\ub2d8\uc740 \ud3ec\ud56d\uacf5\uacfc\ub300\ud559\uad50 \uc0b0\uc5c5\uacbd\uc601\uacf5\ud559\uacfc\ub97c \uc878\uc5c5\ud558\uc2dc\uace0, IBM Korea IT\uc11c\ube44\uc2a4 \uc601\uc5c5 \ubc0f \ucee8\uc124\ud305 \ud300\uc744 \uac70\uccd0 DCG \uadf8\ub8f9(Dream Challenge Group)\uc758 CEO\uc774\uc790, \ub300\ud45c\uc5d0\ub108\uc9c0 \uc544\ud2f0\uc2a4\ud2b8\ub85c \ud65c\ub3d9\ud558\uace0 \uacc4\uc2ed\ub2c8\ub2e4. \ubba4\uc9c0\uceec \u2018\uc0ac\ubb34\ub77c\uc774 \ucef4\ubc31 \ud22c \ube44\ubcf4\uc774\u2019 \ubb34\ub300 \uc5f0\ucd9c \ubc0f \uc2dc\uac01\ub514\uc790\uc778\uc744 \ub9e1\uc73c\uc168\uace0, 2014\ub144 \ub3d9\uc544\uc77c\ubcf4 \uc120\uc815 10\ub144 \ub4a4 \ud55c\uad6d\uc744 \ube5b\ub0bc \uc704\uc778 100\uc778\uc5d0 \uc120\uc815\ub418\uc168\uc2b5\ub2c8\ub2e4. \ud56d\uc0c1 \uc0c8\ub86d\uac8c \ub3c4\uc804\ud558\uace0, \u2018Why?\u2019 \ub77c\ub294 \uc9c8\ubb38\uc744 \ub04a\uc784\uc5c6\uc774 \ub358\uc9c0\uba74\uc11c \uc790\uc2e0\uc758 \ubc29\ud5a5\uc744 \ub9cc\ub4e4\uc5b4\uac00\uace0 \uacc4\uc2ed\ub2c8\ub2e4.\r\n\r\n\uc778\uac04\uc740 \uafc8\uc744 \uafb8\ub294 \uc874\uc7ac\uc785\ub2c8\ub2e4. \uacfc\uac70\ub97c \ud6c4\ud68c\ud558\uace0, \ubbf8\ub798\ub97c \uc900\ube44\ud558\uba70 \uc624\ub298\uc744 \uc0b4\uc544\uac00\ub294 \uc874\uc7ac\uc785\ub2c8\ub2e4. \ub2f9\uc2e0\uc758 \uafc8\uc740 \ubb34\uc5c7\uc778\uac00\uc694? \uc6b0\ub9ac\ub294 \ubbf8\ub798\uc5d0 \uc5b4\ub5bb\uac8c \ub420\uae4c\uc694? \uc5ec\uae30 \uc0c8\ub85c\uc6b4 \ucd9c\ubc1c\uc744 \uc900\ube44\ud558\ub294 \uc0ac\ub78c\ub4e4\uc5d0\uac8c\ub294 \uc6a9\uae30\ub97c, \ubc29\ud5a5\uc744 \uc783\uc740 \uc0ac\ub78c\ub4e4\uc5d0\uac8c\ub294 \u2018\ub108 \ud558\uace0 \uc2f6\uc740 \ub300\ub85c \ud558\uace0 \uc0b4\uc544\ub77c!\u2019 \uace0 \uc790\uc2e0 \uc788\uac8c \ub9d0\ud558\ub294 \ud589\ub3d9\uac00\uac00 \uc788\uc2b5\ub2c8\ub2e4. \uc774\ubc88 \uac15\uc5f0\uc5d0\uc11c\ub294 \uadf8 \uae68\ub2ec\uc74c\uc758 \uae30\uc068\uc744 \ud568\uaed8 \ub290\ub07c\ub294 \uc2dc\uac04\uc744 \uac16\uace0\uc790 \ud569\ub2c8\ub2e4.",
        "youtube_url": "https://www.youtube.com/embed/TQYFMyS4P0g",
        "published_datetime": "2018-07-13T12:24:12Z"
    }
},
{
    "model": "core.speaker",
    "pk": 20,
    "fields": {
        "name": "\ubc31\uc131\uae30",
        "event": 4,
        "image": "speakers/speakers_bsg.png",
        "explanation": "\ubc31\uc131\uae30 \uad50\uc218\ub2d8\uc740, 1971\ub144 \uc11c\uc6b8\ub300\ud559\uad50 \uae08\uc18d\uacf5\ud559\uacfc \ud559\uc0ac, 1981\ub144 \ucf54\ub12c\ub300\ud559\uad50 \uc7ac\ub8cc\uacf5\ud559 \ubc15\uc0ac \ud559\uc704\ub97c \ubc1b\uc73c\uc2dc\uace0, 1986\ub144 \ud3ec\ud56d\uacf5\uacfc\ub300\ud559\uad50 \uad50\uc218\ub85c \ubd80\uc784\ud558\uc2e0 \uc774\ud6c4 2007\ub144 \uc81c5\ub300 \ud3ec\ud56d\uacf5\uacfc\ub300\ud559\uad50 \ucd1d\uc7a5\uc73c\ub85c \uc7ac\uc9c1\ud558\uc168\uc2b5\ub2c8\ub2e4. \uad6d\uac00\uad50\uc721\uacfc\ud559\uae30\uc220\uc790\ubb38\ud68c\uc758 \uacfc\ud559\uae30\uc220\ubd84\uc57c \uc704\uc6d0\uc7a5\uc73c\ub85c \ud65c\ub3d9\ud558\uc2dc\uba70 \ud55c\uad6d \uacfc\ud559\uc758 \ubbf8\ub798\ub97c \ud0a4\uc6b0\ub294 \ub370 \uc774\ubc14\uc9c0\ud558\uace0 \uacc4\uc2ed\ub2c8\ub2e4.\r\n\r\n\uc138\uacc4\uc2dc\uc7a5 \uc18d \ud55c\uad6d\uc740 \uc5b4\ub5a4 \ubaa8\uc2b5\uc77c\uae4c\uc694? \ud55c\uad6d\uc758 \uae30\uc874 \uc131\uc7a5\ub3d9\ub825\uc740 \uace0\uc6a9 \uc5c6\ub294 \uc131\uc7a5\uc744 \uacc4\uc18d\ud558\uace0 \uc788\uc73c\uba70, \ud55c\uad6d \ub300\ud559\uc0dd\ub4e4\uc758 50%\ub294 \uc9c1\uc5c5\uc744 \uc5bb\uc9c0 \ubabb\ud558\uace0 \uc788\uc2b5\ub2c8\ub2e4. \ubc31\uc131\uae30 \ucd1d\uc7a5\ub2d8\uaed8\uc11c\ub294, \ud55c\uad6d\uc774 \ubc1c\uc804\ud558\uae30 \uc704\ud574\uc11c Hardware, Software\ub97c \ub118\uc5b4\uc120 \ud2b9\ubcc4\ud55c \uac83\uc774 \ud544\uc694\ud558\ub2e4\uace0 \ub9d0\uc500\ud558\uc2ed\ub2c8\ub2e4. \uadf8 \ud2b9\ubcc4\ud55c \u201c\ubb34\uc5c7\u201d\uc744 \ud568\uaed8 \ucc3e\uc544\ubcfc\uae4c\uc694?",
        "youtube_url": null,
        "published_datetime": "2018-07-13T12:24:37Z"
    }
},
{
    "model": "core.speaker",
    "pk": 21,
    "fields": {
        "name": "\uacfd\uc18c\ub098",
        "event": 4,
        "image": "speakers/speakers_gsn.jpg",
        "explanation": "\uacfd\uc18c\ub098 \uad50\uc218\ub2d8\uc740 \uc774\ud654\uc5ec\ub300 \uc0b0\uc5c5\ub514\uc790\uc778\uc804\uacf5/\ub514\uc790\uc778\ud559\ubd80 \uc18c\uc18d\uc73c\ub85c, KAIST \uc0b0\uc5c5\ub514\uc790\uc778\ud559\uacfc\uc5d0\uc11c \ubc15\uc0ac\ud559\uc704\ub97c \ubc1b\uc73c\uc168\uc73c\uba70, \uc9c0\ub2a5\ud615 \uc81c\ud488\ub514\uc790\uc778\uacfc \uc778\uac04-\ub85c\ubd07 \uc0c1\ud638\uc791\uc6a9 \ub514\uc790\uc778\uc5d0 \ub300\ud55c \uc5f0\uad6c\ub97c \uc9c4\ud589\ud558\uace0 \uacc4\uc539\ub2c8\ub2e4. 2015\ub144 \uc81c10\ud68c ACM/IEEE \uad6d\uc81c \uc778\uac04-\ub85c\ubd07 \uc0c1\ud638\uc791\uc6a9 \ud559\uc220\ub300\ud68c \ub514\uc790\uc778\uc704\uc6d0\uc7a5 \ub4f1 \uad6d\uc81c\ud559\uc220\ub300\ud68c \uc870\uc9c1\uc704\uc6d0\uc73c\ub85c \ud65c\ub3d9\ud558\uc2dc\uba70 \uc778\uac04\uacfc \ub85c\ubd07\uc758 \uc0c1\ud638\uc791\uc6a9\uc744 \uc704\ud574 \ud798\uc4f0\uace0 \uacc4\uc2ed\ub2c8\ub2e4.\r\n\r\n\ubbf8\ub798 \uc0ac\ud68c\uc5d0\uc11c \uc778\ub958\uc640 \ub85c\ubd07\uc740 \uc5b4\ub5a4 \uad00\uacc4\ub97c \ub9fa\uac8c \ub420\uae4c\uc694? \uc5ec\uae30, \uc778\ub958\uc640 \ub85c\ubd07\uc758 \uc0c1\ud638\uc791\uc6a9\uc744 \ud1b5\ud55c \ud3c9\ud654\ub85c\uc6b4 \uacf5\uc874\uc744 \uc8fc\uc7a5\ud558\ub294 \uc0ac\ub78c\uc774 \uc788\uc2b5\ub2c8\ub2e4. \uacfd\uc18c\ub098 \uad50\uc218\ub2d8\uaed8\uc11c\ub294 \uc544\uc774\ub4e4\uc5d0\uac8c \ud55c\uae00\uc744 \uac00\ub974\uce60 \uc218 \uc788\ub294 \ud55c\uae00\uad50\uc721\uc6a9 \ub85c\ubd07\uc744 \uac1c\ubc1c\ud558\uace0, \uc695\uc124\uc744 \ud558\uba74 \ubab8\uccb4\uac00 \uba4d\uc774 \ub4e0 \uac83\ucc98\ub7fc \ud30c\ub797\uac8c \ubcc0\ud588\ub2e4\uac00, \uc560\uc815\uc5b4\ub9b0 \ub9d0\uc744 \ud558\uba74 \ubd89\uc740 \uc0c9\uc73c\ub85c \ubcc0\ud558\ub294 \ub85c\ubd07 \ub4f1 \ub530\ub73b\ud55c \uac10\uc131\uc744 \uc804\ud558\ub294 \ub85c\ubd07\uc744 \ud1b5\ud574 Social Robot\uc774\ub77c\ub294 \ubd84\uc57c\ub97c \uac1c\ucc99\ud574 \ub098\uac00\ub294 \uad50\uc218\ub2d8\uc758 \ubbf8\ub798 \uc774\uc57c\uae30, \ud568\uaed8 \ub098\ub220\ubcfc\uae4c\uc694?",
        "youtube_url": null,
        "published_datetime": "2018-07-13T12:24:56Z"
    }
},
{
    "model": "core.setting",
    "pk": 1,
    "fields": {
        "home_image": 1,
        "event_now": 1
    }
},
{
    "model": "auth.permission",
    "pk": 1,
    "fields": {
        "name": "Can add log entry",
        "content_type": 1,
        "codename": "add_logentry"
    }
},
{
    "model": "auth.permission",
    "pk": 2,
    "fields": {
        "name": "Can change log entry",
        "content_type": 1,
        "codename": "change_logentry"
    }
},
{
    "model": "auth.permission",
    "pk": 3,
    "fields": {
        "name": "Can delete log entry",
        "content_type": 1,
        "codename": "delete_logentry"
    }
},
{
    "model": "auth.permission",
    "pk": 4,
    "fields": {
        "name": "Can add permission",
        "content_type": 2,
        "codename": "add_permission"
    }
},
{
    "model": "auth.permission",
    "pk": 5,
    "fields": {
        "name": "Can change permission",
        "content_type": 2,
        "codename": "change_permission"
    }
},
{
    "model": "auth.permission",
    "pk": 6,
    "fields": {
        "name": "Can delete permission",
        "content_type": 2,
        "codename": "delete_permission"
    }
},
{
    "model": "auth.permission",
    "pk": 7,
    "fields": {
        "name": "Can add group",
        "content_type": 3,
        "codename": "add_group"
    }
},
{
    "model": "auth.permission",
    "pk": 8,
    "fields": {
        "name": "Can change group",
        "content_type": 3,
        "codename": "change_group"
    }
},
{
    "model": "auth.permission",
    "pk": 9,
    "fields": {
        "name": "Can delete group",
        "content_type": 3,
        "codename": "delete_group"
    }
},
{
    "model": "auth.permission",
    "pk": 10,
    "fields": {
        "name": "Can add user",
        "content_type": 4,
        "codename": "add_user"
    }
},
{
    "model": "auth.permission",
    "pk": 11,
    "fields": {
        "name": "Can change user",
        "content_type": 4,
        "codename": "change_user"
    }
},
{
    "model": "auth.permission",
    "pk": 12,
    "fields": {
        "name": "Can delete user",
        "content_type": 4,
        "codename": "delete_user"
    }
},
{
    "model": "auth.permission",
    "pk": 13,
    "fields": {
        "name": "Can add content type",
        "content_type": 5,
        "codename": "add_contenttype"
    }
},
{
    "model": "auth.permission",
    "pk": 14,
    "fields": {
        "name": "Can change content type",
        "content_type": 5,
        "codename": "change_contenttype"
    }
},
{
    "model": "auth.permission",
    "pk": 15,
    "fields": {
        "name": "Can delete content type",
        "content_type": 5,
        "codename": "delete_contenttype"
    }
},
{
    "model": "auth.permission",
    "pk": 16,
    "fields": {
        "name": "Can add session",
        "content_type": 6,
        "codename": "add_session"
    }
},
{
    "model": "auth.permission",
    "pk": 17,
    "fields": {
        "name": "Can change session",
        "content_type": 6,
        "codename": "change_session"
    }
},
{
    "model": "auth.permission",
    "pk": 18,
    "fields": {
        "name": "Can delete session",
        "content_type": 6,
        "codename": "delete_session"
    }
},
{
    "model": "auth.permission",
    "pk": 19,
    "fields": {
        "name": "Can add setting",
        "content_type": 7,
        "codename": "add_setting"
    }
},
{
    "model": "auth.permission",
    "pk": 20,
    "fields": {
        "name": "Can change setting",
        "content_type": 7,
        "codename": "change_setting"
    }
},
{
    "model": "auth.permission",
    "pk": 21,
    "fields": {
        "name": "Can delete setting",
        "content_type": 7,
        "codename": "delete_setting"
    }
},
{
    "model": "auth.permission",
    "pk": 22,
    "fields": {
        "name": "Can add home image",
        "content_type": 8,
        "codename": "add_homeimage"
    }
},
{
    "model": "auth.permission",
    "pk": 23,
    "fields": {
        "name": "Can change home image",
        "content_type": 8,
        "codename": "change_homeimage"
    }
},
{
    "model": "auth.permission",
    "pk": 24,
    "fields": {
        "name": "Can delete home image",
        "content_type": 8,
        "codename": "delete_homeimage"
    }
},
{
    "model": "auth.permission",
    "pk": 25,
    "fields": {
        "name": "Can add organizer",
        "content_type": 9,
        "codename": "add_organizer"
    }
},
{
    "model": "auth.permission",
    "pk": 26,
    "fields": {
        "name": "Can change organizer",
        "content_type": 9,
        "codename": "change_organizer"
    }
},
{
    "model": "auth.permission",
    "pk": 27,
    "fields": {
        "name": "Can delete organizer",
        "content_type": 9,
        "codename": "delete_organizer"
    }
},
{
    "model": "auth.permission",
    "pk": 28,
    "fields": {
        "name": "Can add department",
        "content_type": 10,
        "codename": "add_department"
    }
},
{
    "model": "auth.permission",
    "pk": 29,
    "fields": {
        "name": "Can change department",
        "content_type": 10,
        "codename": "change_department"
    }
},
{
    "model": "auth.permission",
    "pk": 30,
    "fields": {
        "name": "Can delete department",
        "content_type": 10,
        "codename": "delete_department"
    }
},
{
    "model": "auth.permission",
    "pk": 31,
    "fields": {
        "name": "Can add sponsor",
        "content_type": 11,
        "codename": "add_sponsor"
    }
},
{
    "model": "auth.permission",
    "pk": 32,
    "fields": {
        "name": "Can change sponsor",
        "content_type": 11,
        "codename": "change_sponsor"
    }
},
{
    "model": "auth.permission",
    "pk": 33,
    "fields": {
        "name": "Can delete sponsor",
        "content_type": 11,
        "codename": "delete_sponsor"
    }
},
{
    "model": "auth.permission",
    "pk": 34,
    "fields": {
        "name": "Can add event",
        "content_type": 12,
        "codename": "add_event"
    }
},
{
    "model": "auth.permission",
    "pk": 35,
    "fields": {
        "name": "Can change event",
        "content_type": 12,
        "codename": "change_event"
    }
},
{
    "model": "auth.permission",
    "pk": 36,
    "fields": {
        "name": "Can delete event",
        "content_type": 12,
        "codename": "delete_event"
    }
},
{
    "model": "auth.permission",
    "pk": 37,
    "fields": {
        "name": "Can add speaker",
        "content_type": 13,
        "codename": "add_speaker"
    }
},
{
    "model": "auth.permission",
    "pk": 38,
    "fields": {
        "name": "Can change speaker",
        "content_type": 13,
        "codename": "change_speaker"
    }
},
{
    "model": "auth.permission",
    "pk": 39,
    "fields": {
        "name": "Can delete speaker",
        "content_type": 13,
        "codename": "delete_speaker"
    }
},
{
    "model": "auth.user",
    "pk": 1,
    "fields": {
        "password": "pbkdf2_sha256$100000$hY8PD8GqFQk0$T5yt3aK8liZbxhvONF46taNH4RxjVtI1CFLT61+Jhfw=",
        "last_login": "2018-07-13T13:30:21.970Z",
        "is_superuser": true,
        "username": "lbs1163",
        "first_name": "",
        "last_name": "",
        "email": "lbs1163@postech.ac.kr",
        "is_staff": true,
        "is_active": true,
        "date_joined": "2018-07-03T06:22:47.353Z",
        "groups": [],
        "user_permissions": []
    }
},
{
    "model": "admin.logentry",
    "pk": 1,
    "fields": {
        "action_time": "2018-07-09T03:53:52.203Z",
        "user": 1,
        "content_type": 12,
        "object_id": "1",
        "object_repr": "Event object (1)",
        "action_flag": 1,
        "change_message": "[{\"added\": {}}]"
    }
},
{
    "model": "admin.logentry",
    "pk": 2,
    "fields": {
        "action_time": "2018-07-09T03:58:07.501Z",
        "user": 1,
        "content_type": 12,
        "object_id": "1",
        "object_repr": "2017 TEDxPOSTECH",
        "action_flag": 2,
        "change_message": "[{\"changed\": {\"fields\": [\"theme\", \"theme_explanation\"]}}]"
    }
},
{
    "model": "admin.logentry",
    "pk": 3,
    "fields": {
        "action_time": "2018-07-09T03:59:10.063Z",
        "user": 1,
        "content_type": 12,
        "object_id": "1",
        "object_repr": "2017 TEDxPOSTECH",
        "action_flag": 2,
        "change_message": "[{\"changed\": {\"fields\": [\"letter_title\"]}}]"
    }
},
{
    "model": "admin.logentry",
    "pk": 4,
    "fields": {
        "action_time": "2018-07-09T03:59:36.027Z",
        "user": 1,
        "content_type": 12,
        "object_id": "1",
        "object_repr": "2017 TEDxPOSTECH",
        "action_flag": 2,
        "change_message": "[{\"changed\": {\"fields\": [\"letter_text\"]}}]"
    }
},
{
    "model": "admin.logentry",
    "pk": 5,
    "fields": {
        "action_time": "2018-07-09T04:04:59.856Z",
        "user": 1,
        "content_type": 13,
        "object_id": "1",
        "object_repr": "Speaker object (1)",
        "action_flag": 1,
        "change_message": "[{\"added\": {}}]"
    }
},
{
    "model": "admin.logentry",
    "pk": 6,
    "fields": {
        "action_time": "2018-07-09T04:06:45.865Z",
        "user": 1,
        "content_type": 13,
        "object_id": "2",
        "object_repr": "2017 TEDxPOSTECH \uae40\ud0dc\uc6b0(\ud14c\uc624)",
        "action_flag": 1,
        "change_message": "[{\"added\": {}}]"
    }
},
{
    "model": "admin.logentry",
    "pk": 7,
    "fields": {
        "action_time": "2018-07-09T04:07:03.735Z",
        "user": 1,
        "content_type": 13,
        "object_id": "3",
        "object_repr": "2017 TEDxPOSTECH \ubc15\uc885\uc6d0",
        "action_flag": 1,
        "change_message": "[{\"added\": {}}]"
    }
},
{
    "model": "admin.logentry",
    "pk": 8,
    "fields": {
        "action_time": "2018-07-09T04:07:15.509Z",
        "user": 1,
        "content_type": 13,
        "object_id": "4",
        "object_repr": "2017 TEDxPOSTECH \uc774\uc6d0\uc601",
        "action_flag": 1,
        "change_message": "[{\"added\": {}}]"
    }
},
{
    "model": "admin.logentry",
    "pk": 9,
    "fields": {
        "action_time": "2018-07-09T04:07:59.819Z",
        "user": 1,
        "content_type": 7,
        "object_id": "1",
        "object_repr": "Setting object (1)",
        "action_flag": 1,
        "change_message": "[{\"added\": {}}]"
    }
},
{
    "model": "admin.logentry",
    "pk": 10,
    "fields": {
        "action_time": "2018-07-09T05:58:19.913Z",
        "user": 1,
        "content_type": 13,
        "object_id": "1",
        "object_repr": "2017 TEDxPOSTECH \uc784\uc7ac\uc601",
        "action_flag": 2,
        "change_message": "[{\"changed\": {\"fields\": [\"image\"]}}]"
    }
},
{
    "model": "admin.logentry",
    "pk": 11,
    "fields": {
        "action_time": "2018-07-09T05:58:25.801Z",
        "user": 1,
        "content_type": 13,
        "object_id": "2",
        "object_repr": "2017 TEDxPOSTECH \uae40\ud0dc\uc6b0(\ud14c\uc624)",
        "action_flag": 2,
        "change_message": "[{\"changed\": {\"fields\": [\"image\"]}}]"
    }
},
{
    "model": "admin.logentry",
    "pk": 12,
    "fields": {
        "action_time": "2018-07-09T05:58:31.406Z",
        "user": 1,
        "content_type": 13,
        "object_id": "3",
        "object_repr": "2017 TEDxPOSTECH \ubc15\uc885\uc6d0",
        "action_flag": 2,
        "change_message": "[{\"changed\": {\"fields\": [\"image\"]}}]"
    }
},
{
    "model": "admin.logentry",
    "pk": 13,
    "fields": {
        "action_time": "2018-07-09T05:58:36.596Z",
        "user": 1,
        "content_type": 13,
        "object_id": "4",
        "object_repr": "2017 TEDxPOSTECH \uc774\uc6d0\uc601",
        "action_flag": 2,
        "change_message": "[{\"changed\": {\"fields\": [\"image\"]}}]"
    }
},
{
    "model": "admin.logentry",
    "pk": 14,
    "fields": {
        "action_time": "2018-07-09T06:06:04.325Z",
        "user": 1,
        "content_type": 13,
        "object_id": "1",
        "object_repr": "2017 TEDxPOSTECH \uc784\uc7ac\uc601",
        "action_flag": 2,
        "change_message": "[{\"changed\": {\"fields\": [\"explanation\"]}}]"
    }
},
{
    "model": "admin.logentry",
    "pk": 15,
    "fields": {
        "action_time": "2018-07-09T06:06:07.982Z",
        "user": 1,
        "content_type": 13,
        "object_id": "2",
        "object_repr": "2017 TEDxPOSTECH \uae40\ud0dc\uc6b0(\ud14c\uc624)",
        "action_flag": 2,
        "change_message": "[{\"changed\": {\"fields\": [\"explanation\"]}}]"
    }
},
{
    "model": "admin.logentry",
    "pk": 16,
    "fields": {
        "action_time": "2018-07-09T06:06:11.518Z",
        "user": 1,
        "content_type": 13,
        "object_id": "3",
        "object_repr": "2017 TEDxPOSTECH \ubc15\uc885\uc6d0",
        "action_flag": 2,
        "change_message": "[{\"changed\": {\"fields\": [\"explanation\"]}}]"
    }
},
{
    "model": "admin.logentry",
    "pk": 17,
    "fields": {
        "action_time": "2018-07-09T06:06:14.942Z",
        "user": 1,
        "content_type": 13,
        "object_id": "4",
        "object_repr": "2017 TEDxPOSTECH \uc774\uc6d0\uc601",
        "action_flag": 2,
        "change_message": "[{\"changed\": {\"fields\": [\"explanation\"]}}]"
    }
},
{
    "model": "admin.logentry",
    "pk": 18,
    "fields": {
        "action_time": "2018-07-09T13:10:33.542Z",
        "user": 1,
        "content_type": 12,
        "object_id": "1",
        "object_repr": "2017 TEDxPOSTECH",
        "action_flag": 2,
        "change_message": "[{\"changed\": {\"fields\": [\"letter_text\", \"letter_end\"]}}]"
    }
},
{
    "model": "admin.logentry",
    "pk": 19,
    "fields": {
        "action_time": "2018-07-13T06:44:40.577Z",
        "user": 1,
        "content_type": 10,
        "object_id": "1",
        "object_repr": "\uc218\ud559\uacfc MATH",
        "action_flag": 1,
        "change_message": "[{\"added\": {}}]"
    }
},
{
    "model": "admin.logentry",
    "pk": 20,
    "fields": {
        "action_time": "2018-07-13T06:44:46.414Z",
        "user": 1,
        "content_type": 10,
        "object_id": "2",
        "object_repr": "\ubb3c\ub9ac\ud559\uacfc PHYS",
        "action_flag": 1,
        "change_message": "[{\"added\": {}}]"
    }
},
{
    "model": "admin.logentry",
    "pk": 21,
    "fields": {
        "action_time": "2018-07-13T06:45:09.855Z",
        "user": 1,
        "content_type": 10,
        "object_id": "3",
        "object_repr": "\ud654\ud559\uacfc CHEM",
        "action_flag": 1,
        "change_message": "[{\"added\": {}}]"
    }
},
{
    "model": "admin.logentry",
    "pk": 22,
    "fields": {
        "action_time": "2018-07-13T06:45:28.222Z",
        "user": 1,
        "content_type": 10,
        "object_id": "4",
        "object_repr": "\uc0dd\uba85\uacfc\ud559\uacfc LIFE",
        "action_flag": 1,
        "change_message": "[{\"added\": {}}]"
    }
},
{
    "model": "admin.logentry",
    "pk": 23,
    "fields": {
        "action_time": "2018-07-13T06:45:42.152Z",
        "user": 1,
        "content_type": 10,
        "object_id": "5",
        "object_repr": "\uae30\uacc4\uacf5\ud559\uacfc ME",
        "action_flag": 1,
        "change_message": "[{\"added\": {}}]"
    }
},
{
    "model": "admin.logentry",
    "pk": 24,
    "fields": {
        "action_time": "2018-07-13T06:46:03.463Z",
        "user": 1,
        "content_type": 10,
        "object_id": "6",
        "object_repr": "\uc2e0\uc18c\uc7ac\uacf5\ud559\uacfc MSE",
        "action_flag": 1,
        "change_message": "[{\"added\": {}}]"
    }
},
{
    "model": "admin.logentry",
    "pk": 25,
    "fields": {
        "action_time": "2018-07-13T06:46:12.016Z",
        "user": 1,
        "content_type": 10,
        "object_id": "7",
        "object_repr": "\uc0b0\uc5c5\uacbd\uc601\uacf5\ud559\uacfc IME",
        "action_flag": 1,
        "change_message": "[{\"added\": {}}]"
    }
},
{
    "model": "admin.logentry",
    "pk": 26,
    "fields": {
        "action_time": "2018-07-13T06:46:20.530Z",
        "user": 1,
        "content_type": 10,
        "object_id": "8",
        "object_repr": "\uc804\uc790\uc804\uae30\uacf5\ud559\uacfc EE",
        "action_flag": 1,
        "change_message": "[{\"added\": {}}]"
    }
},
{
    "model": "admin.logentry",
    "pk": 27,
    "fields": {
        "action_time": "2018-07-13T06:46:27.476Z",
        "user": 1,
        "content_type": 10,
        "object_id": "9",
        "object_repr": "\ucef4\ud4e8\ud130\uacf5\ud559\uacfc CSE",
        "action_flag": 1,
        "change_message": "[{\"added\": {}}]"
    }
},
{
    "model": "admin.logentry",
    "pk": 28,
    "fields": {
        "action_time": "2018-07-13T06:46:35.429Z",
        "user": 1,
        "content_type": 10,
        "object_id": "10",
        "object_repr": "\ud654\ud559\uacf5\ud559\uacfc PCE",
        "action_flag": 1,
        "change_message": "[{\"added\": {}}]"
    }
},
{
    "model": "admin.logentry",
    "pk": 29,
    "fields": {
        "action_time": "2018-07-13T06:46:48.792Z",
        "user": 1,
        "content_type": 10,
        "object_id": "11",
        "object_repr": "\ucc3d\uc758IT\uc735\ud569\uacf5\ud559\uacfc CITE",
        "action_flag": 1,
        "change_message": "[{\"added\": {}}]"
    }
},
{
    "model": "admin.logentry",
    "pk": 30,
    "fields": {
        "action_time": "2018-07-13T06:47:28.011Z",
        "user": 1,
        "content_type": 9,
        "object_id": "1",
        "object_repr": "2017 TEDxPOSTECH \uacf5\ud658\uc11d",
        "action_flag": 1,
        "change_message": "[{\"added\": {}}]"
    }
},
{
    "model": "admin.logentry",
    "pk": 31,
    "fields": {
        "action_time": "2018-07-13T06:47:44.372Z",
        "user": 1,
        "content_type": 9,
        "object_id": "2",
        "object_repr": "2017 TEDxPOSTECH \uae40\uc815\uc218",
        "action_flag": 1,
        "change_message": "[{\"added\": {}}]"
    }
},
{
    "model": "admin.logentry",
    "pk": 32,
    "fields": {
        "action_time": "2018-07-13T06:47:56.626Z",
        "user": 1,
        "content_type": 9,
        "object_id": "3",
        "object_repr": "2017 TEDxPOSTECH \uc724\ucc44\ub9bc",
        "action_flag": 1,
        "change_message": "[{\"added\": {}}]"
    }
},
{
    "model": "admin.logentry",
    "pk": 33,
    "fields": {
        "action_time": "2018-07-13T06:48:06.842Z",
        "user": 1,
        "content_type": 9,
        "object_id": "4",
        "object_repr": "2017 TEDxPOSTECH \uc774\uc8fc\ud604",
        "action_flag": 1,
        "change_message": "[{\"added\": {}}]"
    }
},
{
    "model": "admin.logentry",
    "pk": 34,
    "fields": {
        "action_time": "2018-07-13T06:48:17.819Z",
        "user": 1,
        "content_type": 9,
        "object_id": "5",
        "object_repr": "2017 TEDxPOSTECH \uc774\ud638\uc815",
        "action_flag": 1,
        "change_message": "[{\"added\": {}}]"
    }
},
{
    "model": "admin.logentry",
    "pk": 35,
    "fields": {
        "action_time": "2018-07-13T06:48:30.248Z",
        "user": 1,
        "content_type": 9,
        "object_id": "6",
        "object_repr": "2017 TEDxPOSTECH \uc784\uc900\uc601",
        "action_flag": 1,
        "change_message": "[{\"added\": {}}]"
    }
},
{
    "model": "admin.logentry",
    "pk": 36,
    "fields": {
        "action_time": "2018-07-13T06:48:42.788Z",
        "user": 1,
        "content_type": 9,
        "object_id": "7",
        "object_repr": "2017 TEDxPOSTECH \ucd5c\uc218\uc9c0",
        "action_flag": 1,
        "change_message": "[{\"added\": {}}]"
    }
},
{
    "model": "admin.logentry",
    "pk": 37,
    "fields": {
        "action_time": "2018-07-13T06:48:56.903Z",
        "user": 1,
        "content_type": 9,
        "object_id": "8",
        "object_repr": "2017 TEDxPOSTECH \ucd5c\ud61c\uc6d0",
        "action_flag": 1,
        "change_message": "[{\"added\": {}}]"
    }
},
{
    "model": "admin.logentry",
    "pk": 38,
    "fields": {
        "action_time": "2018-07-13T07:29:22.544Z",
        "user": 1,
        "content_type": 12,
        "object_id": "1",
        "object_repr": "2017 TEDxPOSTECH",
        "action_flag": 2,
        "change_message": "[{\"changed\": {\"fields\": [\"organizers_photo\"]}}]"
    }
},
{
    "model": "admin.logentry",
    "pk": 39,
    "fields": {
        "action_time": "2018-07-13T07:35:26.748Z",
        "user": 1,
        "content_type": 8,
        "object_id": "1",
        "object_repr": "FLUX",
        "action_flag": 1,
        "change_message": "[{\"added\": {}}]"
    }
},
{
    "model": "admin.logentry",
    "pk": 40,
    "fields": {
        "action_time": "2018-07-13T07:35:35.712Z",
        "user": 1,
        "content_type": 7,
        "object_id": "1",
        "object_repr": "2017 TEDxPOSTECH FLUX",
        "action_flag": 2,
        "change_message": "[{\"changed\": {\"fields\": [\"home_image\"]}}]"
    }
},
{
    "model": "admin.logentry",
    "pk": 41,
    "fields": {
        "action_time": "2018-07-13T07:58:59.706Z",
        "user": 1,
        "content_type": 11,
        "object_id": "1",
        "object_repr": "\ud39c\ud0c0\uc2dc\ud050\ub9ac\ud2f0",
        "action_flag": 1,
        "change_message": "[{\"added\": {}}]"
    }
},
{
    "model": "admin.logentry",
    "pk": 42,
    "fields": {
        "action_time": "2018-07-13T07:59:17.320Z",
        "user": 1,
        "content_type": 11,
        "object_id": "2",
        "object_repr": "\ud3ec\uc2a4\ud14d\uae30\uc5c5\uac00\uc13c\ud130",
        "action_flag": 1,
        "change_message": "[{\"added\": {}}]"
    }
},
{
    "model": "admin.logentry",
    "pk": 43,
    "fields": {
        "action_time": "2018-07-13T07:59:35.509Z",
        "user": 1,
        "content_type": 11,
        "object_id": "3",
        "object_repr": "\ud3ec\uc2a4\ud14d\uae30\uc220\ucc3d\uc5c5\uad50\uc721\uc13c\ud130",
        "action_flag": 1,
        "change_message": "[{\"added\": {}}]"
    }
},
{
    "model": "admin.logentry",
    "pk": 44,
    "fields": {
        "action_time": "2018-07-13T08:00:17.252Z",
        "user": 1,
        "content_type": 11,
        "object_id": "4",
        "object_repr": "\ud3ec\uc2a4\ud14d\uae30\uc220\uc9c0\uc8fc\ud68c\uc0ac",
        "action_flag": 1,
        "change_message": "[{\"added\": {}}]"
    }
},
{
    "model": "admin.logentry",
    "pk": 45,
    "fields": {
        "action_time": "2018-07-13T08:00:43.245Z",
        "user": 1,
        "content_type": 11,
        "object_id": "5",
        "object_repr": "\uc81c31\ub300 \ucd1d\ud559\uc0dd\ud68c \ub108\ub098\ub4e4\uc774",
        "action_flag": 1,
        "change_message": "[{\"added\": {}}]"
    }
},
{
    "model": "admin.logentry",
    "pk": 46,
    "fields": {
        "action_time": "2018-07-13T08:00:54.041Z",
        "user": 1,
        "content_type": 11,
        "object_id": "6",
        "object_repr": "\ud3ec\uc560\ud37c",
        "action_flag": 1,
        "change_message": "[{\"added\": {}}]"
    }
},
{
    "model": "admin.logentry",
    "pk": 47,
    "fields": {
        "action_time": "2018-07-13T08:01:03.811Z",
        "user": 1,
        "content_type": 11,
        "object_id": "7",
        "object_repr": "PBS",
        "action_flag": 1,
        "change_message": "[{\"added\": {}}]"
    }
},
{
    "model": "admin.logentry",
    "pk": 48,
    "fields": {
        "action_time": "2018-07-13T08:01:18.409Z",
        "user": 1,
        "content_type": 11,
        "object_id": "8",
        "object_repr": "\ubbf8\uc2a4\ud130\ud53c\uc790",
        "action_flag": 1,
        "change_message": "[{\"added\": {}}]"
    }
},
{
    "model": "admin.logentry",
    "pk": 49,
    "fields": {
        "action_time": "2018-07-13T08:01:28.893Z",
        "user": 1,
        "content_type": 11,
        "object_id": "9",
        "object_repr": "\uc544\uc9c0\ud2b8",
        "action_flag": 1,
        "change_message": "[{\"added\": {}}]"
    }
},
{
    "model": "admin.logentry",
    "pk": 50,
    "fields": {
        "action_time": "2018-07-13T08:01:58.869Z",
        "user": 1,
        "content_type": 11,
        "object_id": "10",
        "object_repr": "\ud22c\uc378\ud50c\ub808\uc774\uc2a4",
        "action_flag": 1,
        "change_message": "[{\"added\": {}}]"
    }
},
{
    "model": "admin.logentry",
    "pk": 51,
    "fields": {
        "action_time": "2018-07-13T08:02:11.824Z",
        "user": 1,
        "content_type": 11,
        "object_id": "11",
        "object_repr": "\ub9d8\uc2a4\ud130\uce58",
        "action_flag": 1,
        "change_message": "[{\"added\": {}}]"
    }
},
{
    "model": "admin.logentry",
    "pk": 52,
    "fields": {
        "action_time": "2018-07-13T08:02:28.705Z",
        "user": 1,
        "content_type": 11,
        "object_id": "12",
        "object_repr": "\ub545\ub545\uce58\ud0a8",
        "action_flag": 1,
        "change_message": "[{\"added\": {}}]"
    }
},
{
    "model": "admin.logentry",
    "pk": 53,
    "fields": {
        "action_time": "2018-07-13T08:02:41.082Z",
        "user": 1,
        "content_type": 11,
        "object_id": "13",
        "object_repr": "\uc62c\ub808\ub728",
        "action_flag": 1,
        "change_message": "[{\"added\": {}}]"
    }
},
{
    "model": "admin.logentry",
    "pk": 54,
    "fields": {
        "action_time": "2018-07-13T08:02:51.192Z",
        "user": 1,
        "content_type": 11,
        "object_id": "14",
        "object_repr": "\uc624\uc140\ub86f",
        "action_flag": 1,
        "change_message": "[{\"added\": {}}]"
    }
},
{
    "model": "admin.logentry",
    "pk": 55,
    "fields": {
        "action_time": "2018-07-13T08:03:27.311Z",
        "user": 1,
        "content_type": 12,
        "object_id": "1",
        "object_repr": "2017 TEDxPOSTECH",
        "action_flag": 2,
        "change_message": "[{\"changed\": {\"fields\": [\"sponsors\"]}}]"
    }
},
{
    "model": "admin.logentry",
    "pk": 56,
    "fields": {
        "action_time": "2018-07-13T10:01:13.396Z",
        "user": 1,
        "content_type": 12,
        "object_id": "1",
        "object_repr": "2017 TEDxPOSTECH",
        "action_flag": 2,
        "change_message": "[{\"changed\": {\"fields\": [\"place\"]}}]"
    }
},
{
    "model": "admin.logentry",
    "pk": 57,
    "fields": {
        "action_time": "2018-07-13T10:01:22.041Z",
        "user": 1,
        "content_type": 12,
        "object_id": "1",
        "object_repr": "2017 TEDxPOSTECH",
        "action_flag": 2,
        "change_message": "[{\"changed\": {\"fields\": [\"place\"]}}]"
    }
},
{
    "model": "admin.logentry",
    "pk": 58,
    "fields": {
        "action_time": "2018-07-13T10:02:03.897Z",
        "user": 1,
        "content_type": 12,
        "object_id": "1",
        "object_repr": "2017 TEDxPOSTECH",
        "action_flag": 2,
        "change_message": "[{\"changed\": {\"fields\": [\"place\"]}}]"
    }
},
{
    "model": "admin.logentry",
    "pk": 59,
    "fields": {
        "action_time": "2018-07-13T10:07:57.583Z",
        "user": 1,
        "content_type": 12,
        "object_id": "1",
        "object_repr": "2017 TEDxPOSTECH",
        "action_flag": 2,
        "change_message": "[{\"changed\": {\"fields\": [\"timetable\"]}}]"
    }
},
{
    "model": "admin.logentry",
    "pk": 60,
    "fields": {
        "action_time": "2018-07-13T10:12:32.744Z",
        "user": 1,
        "content_type": 12,
        "object_id": "1",
        "object_repr": "2017 TEDxPOSTECH",
        "action_flag": 2,
        "change_message": "[]"
    }
},
{
    "model": "admin.logentry",
    "pk": 61,
    "fields": {
        "action_time": "2018-07-13T10:44:34.337Z",
        "user": 1,
        "content_type": 12,
        "object_id": "2",
        "object_repr": "2016 TEDxPOSTECH",
        "action_flag": 1,
        "change_message": "[{\"added\": {}}]"
    }
},
{
    "model": "admin.logentry",
    "pk": 62,
    "fields": {
        "action_time": "2018-07-13T10:44:57.493Z",
        "user": 1,
        "content_type": 7,
        "object_id": "1",
        "object_repr": "2016 TEDxPOSTECH FLUX",
        "action_flag": 2,
        "change_message": "[{\"changed\": {\"fields\": [\"event_now\"]}}]"
    }
},
{
    "model": "admin.logentry",
    "pk": 63,
    "fields": {
        "action_time": "2018-07-13T10:49:34.216Z",
        "user": 1,
        "content_type": 12,
        "object_id": "2",
        "object_repr": "2016 TEDxPOSTECH",
        "action_flag": 2,
        "change_message": "[{\"changed\": {\"fields\": [\"place\", \"end_at\", \"timetable\"]}}]"
    }
},
{
    "model": "admin.logentry",
    "pk": 64,
    "fields": {
        "action_time": "2018-07-13T10:50:06.398Z",
        "user": 1,
        "content_type": 9,
        "object_id": "9",
        "object_repr": "2016 TEDxPOSTECH \uac15\ud55c\uc194",
        "action_flag": 1,
        "change_message": "[{\"added\": {}}]"
    }
},
{
    "model": "admin.logentry",
    "pk": 65,
    "fields": {
        "action_time": "2018-07-13T10:50:21.682Z",
        "user": 1,
        "content_type": 9,
        "object_id": "10",
        "object_repr": "2016 TEDxPOSTECH \uae40\uc601\ucc44",
        "action_flag": 1,
        "change_message": "[{\"added\": {}}]"
    }
},
{
    "model": "admin.logentry",
    "pk": 66,
    "fields": {
        "action_time": "2018-07-13T10:50:35.318Z",
        "user": 1,
        "content_type": 9,
        "object_id": "11",
        "object_repr": "2016 TEDxPOSTECH \uae40\ucc44\uc724",
        "action_flag": 1,
        "change_message": "[{\"added\": {}}]"
    }
},
{
    "model": "admin.logentry",
    "pk": 67,
    "fields": {
        "action_time": "2018-07-13T10:50:46.153Z",
        "user": 1,
        "content_type": 9,
        "object_id": "12",
        "object_repr": "2016 TEDxPOSTECH \uc774\ubbfc\uacbd",
        "action_flag": 1,
        "change_message": "[{\"added\": {}}]"
    }
},
{
    "model": "admin.logentry",
    "pk": 68,
    "fields": {
        "action_time": "2018-07-13T10:51:02.176Z",
        "user": 1,
        "content_type": 9,
        "object_id": "13",
        "object_repr": "2016 TEDxPOSTECH \uc774\uc6a9\uc6b0",
        "action_flag": 1,
        "change_message": "[{\"added\": {}}]"
    }
},
{
    "model": "admin.logentry",
    "pk": 69,
    "fields": {
        "action_time": "2018-07-13T10:51:15.471Z",
        "user": 1,
        "content_type": 9,
        "object_id": "14",
        "object_repr": "2016 TEDxPOSTECH \uc784\ub3d9\ud604",
        "action_flag": 1,
        "change_message": "[{\"added\": {}}]"
    }
},
{
    "model": "admin.logentry",
    "pk": 70,
    "fields": {
        "action_time": "2018-07-13T10:51:29.950Z",
        "user": 1,
        "content_type": 9,
        "object_id": "15",
        "object_repr": "2016 TEDxPOSTECH \ucd5c\uc0c1\ubc94",
        "action_flag": 1,
        "change_message": "[{\"added\": {}}]"
    }
},
{
    "model": "admin.logentry",
    "pk": 71,
    "fields": {
        "action_time": "2018-07-13T10:51:42.279Z",
        "user": 1,
        "content_type": 9,
        "object_id": "16",
        "object_repr": "2016 TEDxPOSTECH \ud64d\uc778\uc8fc",
        "action_flag": 1,
        "change_message": "[{\"added\": {}}]"
    }
},
{
    "model": "admin.logentry",
    "pk": 72,
    "fields": {
        "action_time": "2018-07-13T10:53:37.100Z",
        "user": 1,
        "content_type": 13,
        "object_id": "5",
        "object_repr": "2016 TEDxPOSTECH \uc774\ub0a8\ud76c",
        "action_flag": 1,
        "change_message": "[{\"added\": {}}]"
    }
},
{
    "model": "admin.logentry",
    "pk": 73,
    "fields": {
        "action_time": "2018-07-13T10:54:26.263Z",
        "user": 1,
        "content_type": 13,
        "object_id": "6",
        "object_repr": "2016 TEDxPOSTECH \uc870\uc9c4\uc218",
        "action_flag": 1,
        "change_message": "[{\"added\": {}}]"
    }
},
{
    "model": "admin.logentry",
    "pk": 74,
    "fields": {
        "action_time": "2018-07-13T10:54:59.654Z",
        "user": 1,
        "content_type": 13,
        "object_id": "7",
        "object_repr": "2016 TEDxPOSTECH \uc815\uacc4\uc6d0",
        "action_flag": 1,
        "change_message": "[{\"added\": {}}]"
    }
},
{
    "model": "admin.logentry",
    "pk": 75,
    "fields": {
        "action_time": "2018-07-13T10:55:33.372Z",
        "user": 1,
        "content_type": 13,
        "object_id": "8",
        "object_repr": "2016 TEDxPOSTECH \uae40\ud615\ucca0",
        "action_flag": 1,
        "change_message": "[{\"added\": {}}]"
    }
},
{
    "model": "admin.logentry",
    "pk": 76,
    "fields": {
        "action_time": "2018-07-13T10:56:05.294Z",
        "user": 1,
        "content_type": 13,
        "object_id": "9",
        "object_repr": "2016 TEDxPOSTECH \uc815\ubbfc\uae30",
        "action_flag": 1,
        "change_message": "[{\"added\": {}}]"
    }
},
{
    "model": "admin.logentry",
    "pk": 77,
    "fields": {
        "action_time": "2018-07-13T10:56:41.370Z",
        "user": 1,
        "content_type": 13,
        "object_id": "10",
        "object_repr": "2016 TEDxPOSTECH \uae40\ucd08\uc5fd",
        "action_flag": 1,
        "change_message": "[{\"added\": {}}]"
    }
},
{
    "model": "admin.logentry",
    "pk": 78,
    "fields": {
        "action_time": "2018-07-13T11:04:25.225Z",
        "user": 1,
        "content_type": 7,
        "object_id": "1",
        "object_repr": "2017 TEDxPOSTECH FLUX",
        "action_flag": 2,
        "change_message": "[{\"changed\": {\"fields\": [\"event_now\"]}}]"
    }
},
{
    "model": "admin.logentry",
    "pk": 79,
    "fields": {
        "action_time": "2018-07-13T11:37:46.439Z",
        "user": 1,
        "content_type": 11,
        "object_id": "15",
        "object_repr": "POSTECH BIC",
        "action_flag": 1,
        "change_message": "[{\"added\": {}}]"
    }
},
{
    "model": "admin.logentry",
    "pk": 80,
    "fields": {
        "action_time": "2018-07-13T11:38:46.970Z",
        "user": 1,
        "content_type": 11,
        "object_id": "16",
        "object_repr": "\ub77c\uba58 \ubca0\ub77c\ubcf4",
        "action_flag": 1,
        "change_message": "[{\"added\": {}}]"
    }
},
{
    "model": "admin.logentry",
    "pk": 81,
    "fields": {
        "action_time": "2018-07-13T11:39:03.086Z",
        "user": 1,
        "content_type": 11,
        "object_id": "17",
        "object_repr": "\uc81c30\ub300 \ucd1d\ud559\uc0dd\ud68c \uc0ac\uc774\ub2e4",
        "action_flag": 1,
        "change_message": "[{\"added\": {}}]"
    }
},
{
    "model": "admin.logentry",
    "pk": 82,
    "fields": {
        "action_time": "2018-07-13T11:39:37.756Z",
        "user": 1,
        "content_type": 11,
        "object_id": "18",
        "object_repr": "\ubb34\uc0ac\uc2dc",
        "action_flag": 1,
        "change_message": "[{\"added\": {}}]"
    }
},
{
    "model": "admin.logentry",
    "pk": 83,
    "fields": {
        "action_time": "2018-07-13T11:39:51.926Z",
        "user": 1,
        "content_type": 11,
        "object_id": "19",
        "object_repr": "\ud30c\uc2dc\uc57c",
        "action_flag": 1,
        "change_message": "[{\"added\": {}}]"
    }
},
{
    "model": "admin.logentry",
    "pk": 84,
    "fields": {
        "action_time": "2018-07-13T11:41:16.648Z",
        "user": 1,
        "content_type": 12,
        "object_id": "2",
        "object_repr": "2016 TEDxPOSTECH",
        "action_flag": 2,
        "change_message": "[{\"changed\": {\"fields\": [\"sponsors\"]}}]"
    }
},
{
    "model": "admin.logentry",
    "pk": 85,
    "fields": {
        "action_time": "2018-07-13T11:50:35.837Z",
        "user": 1,
        "content_type": 12,
        "object_id": "3",
        "object_repr": "2015 TEDxPOSTECH",
        "action_flag": 1,
        "change_message": "[{\"added\": {}}]"
    }
},
{
    "model": "admin.logentry",
    "pk": 86,
    "fields": {
        "action_time": "2018-07-13T11:54:01.632Z",
        "user": 1,
        "content_type": 12,
        "object_id": "3",
        "object_repr": "2015 TEDxPOSTECH",
        "action_flag": 2,
        "change_message": "[{\"changed\": {\"fields\": [\"date\", \"start_at\", \"end_at\", \"timetable\"]}}]"
    }
},
{
    "model": "admin.logentry",
    "pk": 87,
    "fields": {
        "action_time": "2018-07-13T11:58:03.958Z",
        "user": 1,
        "content_type": 12,
        "object_id": "3",
        "object_repr": "2015 TEDxPOSTECH",
        "action_flag": 2,
        "change_message": "[{\"changed\": {\"fields\": [\"early_bird_start_at\", \"regular_start_at\", \"early_bird_form_url\", \"regular_form_url\"]}}]"
    }
},
{
    "model": "admin.logentry",
    "pk": 88,
    "fields": {
        "action_time": "2018-07-13T11:59:21.590Z",
        "user": 1,
        "content_type": 9,
        "object_id": "17",
        "object_repr": "2015 TEDxPOSTECH \uc724\uc9c4\ud601",
        "action_flag": 1,
        "change_message": "[{\"added\": {}}]"
    }
},
{
    "model": "admin.logentry",
    "pk": 89,
    "fields": {
        "action_time": "2018-07-13T11:59:34.762Z",
        "user": 1,
        "content_type": 9,
        "object_id": "18",
        "object_repr": "2015 TEDxPOSTECH \uac15\uc9c0\uc6b0",
        "action_flag": 1,
        "change_message": "[{\"added\": {}}]"
    }
},
{
    "model": "admin.logentry",
    "pk": 90,
    "fields": {
        "action_time": "2018-07-13T11:59:46.016Z",
        "user": 1,
        "content_type": 9,
        "object_id": "19",
        "object_repr": "2015 TEDxPOSTECH \uad8c\uc740\uc9c0",
        "action_flag": 1,
        "change_message": "[{\"added\": {}}]"
    }
},
{
    "model": "admin.logentry",
    "pk": 91,
    "fields": {
        "action_time": "2018-07-13T11:59:58.308Z",
        "user": 1,
        "content_type": 9,
        "object_id": "20",
        "object_repr": "2015 TEDxPOSTECH \ubc15\uc2dc\uc740",
        "action_flag": 1,
        "change_message": "[{\"added\": {}}]"
    }
},
{
    "model": "admin.logentry",
    "pk": 92,
    "fields": {
        "action_time": "2018-07-13T12:00:09.081Z",
        "user": 1,
        "content_type": 9,
        "object_id": "21",
        "object_repr": "2015 TEDxPOSTECH \uc720\uc7ac\uc6d0",
        "action_flag": 1,
        "change_message": "[{\"added\": {}}]"
    }
},
{
    "model": "admin.logentry",
    "pk": 93,
    "fields": {
        "action_time": "2018-07-13T12:00:18.099Z",
        "user": 1,
        "content_type": 9,
        "object_id": "22",
        "object_repr": "2015 TEDxPOSTECH \uc774\uc2dc\uc6b0",
        "action_flag": 1,
        "change_message": "[{\"added\": {}}]"
    }
},
{
    "model": "admin.logentry",
    "pk": 94,
    "fields": {
        "action_time": "2018-07-13T12:00:28.907Z",
        "user": 1,
        "content_type": 9,
        "object_id": "23",
        "object_repr": "2015 TEDxPOSTECH \uc774\uc885\uac74",
        "action_flag": 1,
        "change_message": "[{\"added\": {}}]"
    }
},
{
    "model": "admin.logentry",
    "pk": 95,
    "fields": {
        "action_time": "2018-07-13T12:00:41.450Z",
        "user": 1,
        "content_type": 9,
        "object_id": "24",
        "object_repr": "2015 TEDxPOSTECH \uc784\ubc94\uc218",
        "action_flag": 1,
        "change_message": "[{\"added\": {}}]"
    }
},
{
    "model": "admin.logentry",
    "pk": 96,
    "fields": {
        "action_time": "2018-07-13T12:01:31.614Z",
        "user": 1,
        "content_type": 13,
        "object_id": "11",
        "object_repr": "2015 TEDxPOSTECH \uae40\uc9c4\ud0dd",
        "action_flag": 1,
        "change_message": "[{\"added\": {}}]"
    }
},
{
    "model": "admin.logentry",
    "pk": 97,
    "fields": {
        "action_time": "2018-07-13T12:02:06.500Z",
        "user": 1,
        "content_type": 13,
        "object_id": "12",
        "object_repr": "2015 TEDxPOSTECH \ucd5c\uc11c\uc724",
        "action_flag": 1,
        "change_message": "[{\"added\": {}}]"
    }
},
{
    "model": "admin.logentry",
    "pk": 98,
    "fields": {
        "action_time": "2018-07-13T12:02:35.845Z",
        "user": 1,
        "content_type": 13,
        "object_id": "13",
        "object_repr": "2015 TEDxPOSTECH \ubc15\uc131\uc9c4",
        "action_flag": 1,
        "change_message": "[{\"added\": {}}]"
    }
},
{
    "model": "admin.logentry",
    "pk": 99,
    "fields": {
        "action_time": "2018-07-13T12:03:03.919Z",
        "user": 1,
        "content_type": 13,
        "object_id": "14",
        "object_repr": "2015 TEDxPOSTECH \ud669\uc7ac\ucc2c",
        "action_flag": 1,
        "change_message": "[{\"added\": {}}]"
    }
},
{
    "model": "admin.logentry",
    "pk": 100,
    "fields": {
        "action_time": "2018-07-13T12:03:31.703Z",
        "user": 1,
        "content_type": 13,
        "object_id": "15",
        "object_repr": "2015 TEDxPOSTECH \uc774\uc2b9\uc6b0",
        "action_flag": 1,
        "change_message": "[{\"added\": {}}]"
    }
},
{
    "model": "admin.logentry",
    "pk": 101,
    "fields": {
        "action_time": "2018-07-13T12:03:58.841Z",
        "user": 1,
        "content_type": 13,
        "object_id": "16",
        "object_repr": "2015 TEDxPOSTECH \ubc15\uc815\ud604",
        "action_flag": 1,
        "change_message": "[{\"added\": {}}]"
    }
},
{
    "model": "admin.logentry",
    "pk": 102,
    "fields": {
        "action_time": "2018-07-13T12:06:32.572Z",
        "user": 1,
        "content_type": 11,
        "object_id": "20",
        "object_repr": "\ud3ec\uc2a4\ud14d \ud559\uc0dd\uc9c0\uc6d0\ud300",
        "action_flag": 1,
        "change_message": "[{\"added\": {}}]"
    }
},
{
    "model": "admin.logentry",
    "pk": 103,
    "fields": {
        "action_time": "2018-07-13T12:06:45.286Z",
        "user": 1,
        "content_type": 11,
        "object_id": "21",
        "object_repr": "\ub3c4\ubbf8\ub178\ud53c\uc790",
        "action_flag": 1,
        "change_message": "[{\"added\": {}}]"
    }
},
{
    "model": "admin.logentry",
    "pk": 104,
    "fields": {
        "action_time": "2018-07-13T12:07:01.042Z",
        "user": 1,
        "content_type": 11,
        "object_id": "22",
        "object_repr": "\ub9ac\uc624",
        "action_flag": 1,
        "change_message": "[{\"added\": {}}]"
    }
},
{
    "model": "admin.logentry",
    "pk": 105,
    "fields": {
        "action_time": "2018-07-13T12:07:12.412Z",
        "user": 1,
        "content_type": 12,
        "object_id": "3",
        "object_repr": "2015 TEDxPOSTECH",
        "action_flag": 2,
        "change_message": "[{\"changed\": {\"fields\": [\"sponsors\"]}}]"
    }
},
{
    "model": "admin.logentry",
    "pk": 106,
    "fields": {
        "action_time": "2018-07-13T12:10:30.677Z",
        "user": 1,
        "content_type": 7,
        "object_id": "1",
        "object_repr": "2015 TEDxPOSTECH FLUX",
        "action_flag": 2,
        "change_message": "[{\"changed\": {\"fields\": [\"event_now\"]}}]"
    }
},
{
    "model": "admin.logentry",
    "pk": 107,
    "fields": {
        "action_time": "2018-07-13T12:12:36.438Z",
        "user": 1,
        "content_type": 7,
        "object_id": "1",
        "object_repr": "2016 TEDxPOSTECH FLUX",
        "action_flag": 2,
        "change_message": "[{\"changed\": {\"fields\": [\"event_now\"]}}]"
    }
},
{
    "model": "admin.logentry",
    "pk": 108,
    "fields": {
        "action_time": "2018-07-13T12:14:16.708Z",
        "user": 1,
        "content_type": 7,
        "object_id": "1",
        "object_repr": "2017 TEDxPOSTECH FLUX",
        "action_flag": 2,
        "change_message": "[{\"changed\": {\"fields\": [\"event_now\"]}}]"
    }
},
{
    "model": "admin.logentry",
    "pk": 109,
    "fields": {
        "action_time": "2018-07-13T12:18:53.041Z",
        "user": 1,
        "content_type": 12,
        "object_id": "4",
        "object_repr": "2011 TEDxPOSTECH",
        "action_flag": 1,
        "change_message": "[{\"added\": {}}]"
    }
},
{
    "model": "admin.logentry",
    "pk": 110,
    "fields": {
        "action_time": "2018-07-13T12:23:38.489Z",
        "user": 1,
        "content_type": 13,
        "object_id": "17",
        "object_repr": "2011 TEDxPOSTECH \uc1a1\ud638\uc900",
        "action_flag": 1,
        "change_message": "[{\"added\": {}}]"
    }
},
{
    "model": "admin.logentry",
    "pk": 111,
    "fields": {
        "action_time": "2018-07-13T12:23:57.028Z",
        "user": 1,
        "content_type": 13,
        "object_id": "18",
        "object_repr": "2011 TEDxPOSTECH \ud604\uc7ac\ud638",
        "action_flag": 1,
        "change_message": "[{\"added\": {}}]"
    }
},
{
    "model": "admin.logentry",
    "pk": 112,
    "fields": {
        "action_time": "2018-07-13T12:24:22.413Z",
        "user": 1,
        "content_type": 13,
        "object_id": "19",
        "object_repr": "2011 TEDxPOSTECH \uc548\uc601\uc77c",
        "action_flag": 1,
        "change_message": "[{\"added\": {}}]"
    }
},
{
    "model": "admin.logentry",
    "pk": 113,
    "fields": {
        "action_time": "2018-07-13T12:24:41.107Z",
        "user": 1,
        "content_type": 13,
        "object_id": "20",
        "object_repr": "2011 TEDxPOSTECH \ubc31\uc131\uae30",
        "action_flag": 1,
        "change_message": "[{\"added\": {}}]"
    }
},
{
    "model": "admin.logentry",
    "pk": 114,
    "fields": {
        "action_time": "2018-07-13T12:24:57.393Z",
        "user": 1,
        "content_type": 13,
        "object_id": "21",
        "object_repr": "2011 TEDxPOSTECH \uacfd\uc18c\ub098",
        "action_flag": 1,
        "change_message": "[{\"added\": {}}]"
    }
},
{
    "model": "admin.logentry",
    "pk": 115,
    "fields": {
        "action_time": "2018-07-13T12:41:18.505Z",
        "user": 1,
        "content_type": 12,
        "object_id": "1",
        "object_repr": "2017 TEDxPOSTECH",
        "action_flag": 2,
        "change_message": "[{\"changed\": {\"fields\": [\"early_bird_finished\"]}}]"
    }
},
{
    "model": "admin.logentry",
    "pk": 116,
    "fields": {
        "action_time": "2018-07-13T12:41:56.576Z",
        "user": 1,
        "content_type": 12,
        "object_id": "1",
        "object_repr": "2017 TEDxPOSTECH",
        "action_flag": 2,
        "change_message": "[{\"changed\": {\"fields\": [\"regular_finished\"]}}]"
    }
},
{
    "model": "admin.logentry",
    "pk": 117,
    "fields": {
        "action_time": "2018-07-13T12:42:15.926Z",
        "user": 1,
        "content_type": 12,
        "object_id": "1",
        "object_repr": "2017 TEDxPOSTECH",
        "action_flag": 2,
        "change_message": "[{\"changed\": {\"fields\": [\"early_bird_finished\", \"regular_finished\"]}}]"
    }
},
{
    "model": "admin.logentry",
    "pk": 118,
    "fields": {
        "action_time": "2018-07-13T12:45:21.769Z",
        "user": 1,
        "content_type": 8,
        "object_id": "2",
        "object_repr": "unlimited",
        "action_flag": 1,
        "change_message": "[{\"added\": {}}]"
    }
},
{
    "model": "admin.logentry",
    "pk": 119,
    "fields": {
        "action_time": "2018-07-13T12:45:39.599Z",
        "user": 1,
        "content_type": 8,
        "object_id": "3",
        "object_repr": "question",
        "action_flag": 1,
        "change_message": "[{\"added\": {}}]"
    }
},
{
    "model": "admin.logentry",
    "pk": 120,
    "fields": {
        "action_time": "2018-07-13T12:47:15.595Z",
        "user": 1,
        "content_type": 8,
        "object_id": "4",
        "object_repr": "3rd organizer recruiting",
        "action_flag": 1,
        "change_message": "[{\"added\": {}}]"
    }
},
{
    "model": "admin.logentry",
    "pk": 121,
    "fields": {
        "action_time": "2018-07-13T12:47:27.090Z",
        "user": 1,
        "content_type": 7,
        "object_id": "1",
        "object_repr": "2017 TEDxPOSTECH unlimited",
        "action_flag": 2,
        "change_message": "[{\"changed\": {\"fields\": [\"home_image\"]}}]"
    }
},
{
    "model": "admin.logentry",
    "pk": 122,
    "fields": {
        "action_time": "2018-07-13T12:48:09.062Z",
        "user": 1,
        "content_type": 7,
        "object_id": "1",
        "object_repr": "2017 TEDxPOSTECH question",
        "action_flag": 2,
        "change_message": "[{\"changed\": {\"fields\": [\"home_image\"]}}]"
    }
},
{
    "model": "admin.logentry",
    "pk": 123,
    "fields": {
        "action_time": "2018-07-13T12:48:50.520Z",
        "user": 1,
        "content_type": 8,
        "object_id": "3",
        "object_repr": "question",
        "action_flag": 2,
        "change_message": "[{\"changed\": {\"fields\": [\"background_color\"]}}]"
    }
},
{
    "model": "admin.logentry",
    "pk": 124,
    "fields": {
        "action_time": "2018-07-13T12:49:04.438Z",
        "user": 1,
        "content_type": 7,
        "object_id": "1",
        "object_repr": "2017 TEDxPOSTECH 3rd organizer recruiting",
        "action_flag": 2,
        "change_message": "[{\"changed\": {\"fields\": [\"home_image\"]}}]"
    }
},
{
    "model": "admin.logentry",
    "pk": 125,
    "fields": {
        "action_time": "2018-07-13T12:49:56.097Z",
        "user": 1,
        "content_type": 7,
        "object_id": "1",
        "object_repr": "2017 TEDxPOSTECH unlimited",
        "action_flag": 2,
        "change_message": "[{\"changed\": {\"fields\": [\"home_image\"]}}]"
    }
},
{
    "model": "admin.logentry",
    "pk": 126,
    "fields": {
        "action_time": "2018-07-13T12:50:27.808Z",
        "user": 1,
        "content_type": 7,
        "object_id": "1",
        "object_repr": "2017 TEDxPOSTECH FLUX",
        "action_flag": 2,
        "change_message": "[{\"changed\": {\"fields\": [\"home_image\"]}}]"
    }
},
{
    "model": "admin.logentry",
    "pk": 127,
    "fields": {
        "action_time": "2018-07-13T12:51:33.082Z",
        "user": 1,
        "content_type": 13,
        "object_id": "1",
        "object_repr": "2017 TEDxPOSTECH \uc784\uc7ac\uc601",
        "action_flag": 2,
        "change_message": "[{\"changed\": {\"fields\": [\"published_datetime\"]}}]"
    }
},
{
    "model": "admin.logentry",
    "pk": 128,
    "fields": {
        "action_time": "2018-07-13T13:00:28.892Z",
        "user": 1,
        "content_type": 13,
        "object_id": "1",
        "object_repr": "2017 TEDxPOSTECH \uc784\uc7ac\uc601",
        "action_flag": 2,
        "change_message": "[{\"changed\": {\"fields\": [\"published_datetime\"]}}]"
    }
},
{
    "model": "admin.logentry",
    "pk": 129,
    "fields": {
        "action_time": "2018-07-13T13:02:25.515Z",
        "user": 1,
        "content_type": 13,
        "object_id": "1",
        "object_repr": "2017 TEDxPOSTECH \uc784\uc7ac\uc601",
        "action_flag": 2,
        "change_message": "[{\"changed\": {\"fields\": [\"published_datetime\"]}}]"
    }
},
{
    "model": "admin.logentry",
    "pk": 130,
    "fields": {
        "action_time": "2018-07-13T15:05:34.428Z",
        "user": 1,
        "content_type": 9,
        "object_id": "24",
        "object_repr": "2017 TEDxPOSTECH \uc784\ubc94\uc218",
        "action_flag": 2,
        "change_message": "[{\"changed\": {\"fields\": [\"event\"]}}]"
    }
},
{
    "model": "admin.logentry",
    "pk": 131,
    "fields": {
        "action_time": "2018-07-13T15:06:42.077Z",
        "user": 1,
        "content_type": 9,
        "object_id": "24",
        "object_repr": "2015 TEDxPOSTECH \uc784\ubc94\uc218",
        "action_flag": 2,
        "change_message": "[{\"changed\": {\"fields\": [\"event\"]}}]"
    }
}
]
